ts_utc,direction,gross_bps,net_bps,bid_A,ask_A,bid_size_A,ask_size_A,bid_B,ask_B,bid_size_B,ask_size_B,funding_A,funding_B,age_A_ms,age_B_ms
2026-09-04T11:28:59.525+00:00,B_sell_A_buy,6.7009,0.8009,231.22,231.23,30.685,36.201,231.385,231.419,32.493,1.224,0.0000122078,0.0007000000,0.1,315.5
2026-09-04T11:29:00.184+00:00,B_sell_A_buy,6.7009,0.8009,231.22,231.23,30.685,36.489,231.385,231.419,32.493,1.224,0.0000122078,0.0007000000,0.1,975.2
2026-09-04T11:29:00.253+00:00,B_sell_A_buy,6.7009,0.8009,231.22,231.23,6.652,36.489,231.385,231.419,32.493,1.224,0.0000122078,0.0007000000,0.1,1043.5
2026-09-04T11:29:00.702+00:00,B_sell_A_buy,6.7009,0.8009,231.22,231.23,32.556,36.489,231.385,231.419,32.493,1.224,0.0000122078,0.0007000000,0.1,1492.8
2026-09-04T11:29:01.140+00:00,B_sell_A_buy,6.7009,0.8009,231.22,231.23,36.881,36.489,231.385,231.419,32.493,1.224,0.0000122078,0.0007000000,0.1,1930.3
2026-09-04T11:29:02.412+00:00,B_sell_A_buy,6.7009,0.8009,231.22,231.23,32.556,37.027,231.385,231.419,32.493,0.824,0.0000121849,0.0007000000,402.3,0.1
2026-09-04T11:29:03.122+00:00,B_sell_A_buy,6.7009,0.8009,231.22,231.23,36.881,37.027,231.385,231.419,32.493,0.824,0.0000121849,0.0007000000,0.1,710.4
2026-09-04T11:29:03.588+00:00,B_sell_A_buy,6.7009,0.8009,231.22,231.23,36.881,37.027,231.385,231.42,32.493,25.924,0.0000121849,0.0007000000,465.1,0.1
2026-09-04T11:29:03.588+00:00,B_sell_A_buy,6.7008,0.8008,231.22,231.23,36.881,37.027,231.385,231.432,32.493,2.157,0.0000121849,0.0007000000,465.2,0.2
2026-09-04T11:29:03.592+00:00,B_sell_A_buy,6.7008,0.8008,231.22,231.23,36.881,37.027,231.385,231.433,32.493,0.225,0.0000121849,0.0007000000,469.0,0.1
2026-09-04T11:29:03.603+00:00,B_sell_A_buy,6.7008,0.8008,231.22,231.23,36.881,37.027,231.385,231.433,45.455,0.225,0.0000121849,0.0007000000,480.6,0.0
2026-09-04T11:29:03.612+00:00,B_sell_A_buy,6.7439,0.8439,231.22,231.23,36.881,37.027,231.386,231.444,2.03,1.264,0.0000121849,0.0007000000,489.5,0.1
2026-09-04T11:29:03.621+00:00,B_sell_A_buy,7.6948,1.7948,231.22,231.23,36.881,37.027,231.408,231.444,32.493,1.264,0.0000121849,0.0007000000,498.8,0.1
2026-09-04T11:29:03.702+00:00,B_sell_A_buy,7.6948,1.7948,231.22,231.23,36.881,37.027,231.408,231.442,32.493,25.924,0.0000121849,0.0007000000,580.1,0.0
2026-09-04T11:29:04.037+00:00,B_sell_A_buy,7.6948,1.7948,231.22,231.23,77.489,0.288,231.408,231.442,32.493,25.924,0.0000121849,0.0007000000,0.1,334.5
2026-09-04T11:29:04.298+00:00,B_sell_A_buy,6.3977,0.4977,231.22,231.26,77.489,18.657,231.408,231.442,32.493,25.924,0.0000121849,0.0007000000,0.1,596.4
2026-09-04T11:29:04.462+00:00,B_sell_A_buy,6.8300,0.9300,231.23,231.25,11.075,13.64,231.408,231.442,32.493,25.924,0.0000121849,0.0007000000,0.1,760.2
2026-09-04T11:29:04.540+00:00,B_sell_A_buy,6.8299,0.9299,231.24,231.25,22.15,13.64,231.408,231.442,32.493,25.924,0.0000121849,0.0007000000,0.1,837.8
2026-09-04T11:29:04.620+00:00,B_sell_A_buy,6.8299,0.9299,231.24,231.25,44.3,13.64,231.408,231.442,32.493,25.924,0.0000121849,0.0007000000,0.1,917.7
2026-09-04T11:29:04.681+00:00,B_sell_A_buy,6.8300,0.9300,231.23,231.25,34.134,13.64,231.408,231.442,32.493,25.924,0.0000121849,0.0007000000,0.1,979.3
2026-09-04T11:29:04.841+00:00,B_sell_A_buy,6.8299,0.9299,231.24,231.25,4.325,13.64,231.408,231.442,32.493,25.924,0.0000121849,0.0007000000,0.1,1138.1
2026-09-04T11:29:05.145+00:00,B_sell_A_buy,6.8299,0.9299,231.24,231.25,4.325,5.352,231.408,231.442,32.493,25.924,0.0000121849,0.0007000000,0.1,1443.0
2026-09-04T11:29:05.203+00:00,B_sell_A_buy,6.8299,0.9299,231.24,231.25,32.262,5.352,231.408,231.442,32.493,25.924,0.0000121849,0.0007000000,0.1,1500.3
2026-09-04T11:29:12.438+00:00,B_sell_A_buy,6.8302,0.9302,231.2,231.25,10.49,5.352,231.408,231.442,32.89,25.924,0.0000121843,0.0007000000,0.1,85.1
2026-09-04T11:29:12.713+00:00,B_sell_A_buy,6.8300,0.9300,231.23,231.25,3.611,21.252,231.408,231.442,32.89,25.924,0.0000121843,0.0007000000,0.1,359.6
2026-09-04T11:29:12.759+00:00,B_sell_A_buy,6.8300,0.9300,231.23,231.25,4.26,21.252,231.408,231.442,32.89,25.924,0.0000121843,0.0007000000,0.1,406.1
2026-09-04T11:29:12.827+00:00,B_sell_A_buy,6.8299,0.9299,231.24,231.25,0.049,21.252,231.408,231.442,32.89,25.924,0.0000121843,0.0007000000,0.1,473.5
2026-09-04T11:29:13.813+00:00,B_sell_A_buy,6.8299,0.9299,231.24,231.25,1.92,21.252,231.408,231.442,32.89,25.924,0.0000121843,0.0007000000,0.1,1459.6
2026-09-04T11:29:21.014+00:00,B_sell_A_buy,6.8304,0.9304,231.18,231.25,45.048,20.986,231.408,231.439,0.397,1.738,0.0000121709,0.0007000000,0.0,30.0
2026-09-04T11:29:21.087+00:00,B_sell_A_buy,6.8305,0.9305,231.18,231.25,45.048,20.986,231.408,231.419,0.397,1.013,0.0000121649,0.0007000000,73.0,0.0
2026-09-04T11:29:21.096+00:00,B_sell_A_buy,6.8305,0.9305,231.18,231.25,45.048,20.986,231.408,231.417,0.397,12.962,0.0000121649,0.0007000000,82.0,0.1
2026-09-04T11:29:21.121+00:00,B_sell_A_buy,6.8302,0.9302,231.23,231.25,0.649,5.086,231.408,231.417,0.397,12.962,0.0000121649,0.0007000000,0.1,24.6
2026-09-04T11:29:21.165+00:00,B_sell_A_buy,6.8302,0.9302,231.23,231.25,0.649,5.086,231.408,231.417,0.397,14.019,0.0000121649,0.0007000000,44.0,0.0
2026-09-04T11:29:21.317+00:00,B_sell_A_buy,6.8305,0.9305,231.18,231.25,45.048,5.086,231.408,231.417,0.397,14.019,0.0000121649,0.0007000000,0.1,152.5
2026-09-04T11:29:21.365+00:00,B_sell_A_buy,8.5601,2.6601,231.19,231.21,4.325,15.173,231.408,231.417,0.397,14.019,0.0000121649,0.0007000000,0.1,200.6
2026-09-04T11:29:21.497+00:00,B_sell_A_buy,8.1276,2.2276,231.2,231.22,0.864,19.65,231.408,231.417,0.397,14.019,0.0000121649,0.0007000000,0.1,333.3
2026-09-04T11:29:21.772+00:00,B_sell_A_buy,8.1276,2.2276,231.2,231.22,1.513,19.65,231.408,231.417,0.397,14.019,0.0000121649,0.0007000000,0.1,608.0
2026-09-04T11:29:21.832+00:00,B_sell_A_buy,8.1276,2.2276,231.2,231.22,1.513,23.975,231.408,231.417,0.397,14.019,0.0000121649,0.0007000000,0.1,668.1
2026-09-04T11:29:22.502+00:00,B_sell_A_buy,8.1276,2.2276,231.2,231.22,21.036,4.325,231.408,231.417,0.397,14.019,0.0000121649,0.0007000000,0.1,1337.6
2026-09-04T11:29:23.561+00:00,B_sell_A_buy,7.1334,1.2334,231.2,231.22,21.036,4.325,231.385,231.417,45.455,14.019,0.0000121649,0.0007000000,1059.2,0.1
2026-09-04T11:29:24.054+00:00,B_sell_A_buy,8.1276,2.2276,231.2,231.22,21.036,4.325,231.408,231.417,0.397,14.019,0.0000121649,0.0007000000,1551.9,0.1
2026-09-04T11:29:30.091+00:00,B_sell_A_buy,8.1276,2.2276,231.2,231.22,23.709,4.325,231.408,231.419,0.397,12.962,0.0000121257,0.0007000000,0.1,274.6
2026-09-04T11:29:30.211+00:00,B_sell_A_buy,8.1276,2.2276,231.2,231.22,23.709,4.325,231.408,231.419,0.397,13.839,0.0000121257,0.0007000000,119.6,0.1
2026-09-04T11:29:30.369+00:00,B_sell_A_buy,8.1276,2.2276,231.2,231.22,23.709,1.15,231.408,231.419,0.397,13.839,0.0000121257,0.0007000000,0.1,158.0
2026-09-04T11:29:30.484+00:00,B_sell_A_buy,8.1276,2.2276,231.2,231.22,28.034,1.15,231.408,231.419,0.397,13.839,0.0000121257,0.0007000000,0.1,273.2
2026-09-04T11:29:30.820+00:00,B_sell_A_buy,8.1276,2.2276,231.2,231.22,28.034,1.15,231.408,231.419,0.397,12.962,0.0000121257,0.0007000000,336.2,0.1
2026-09-04T11:29:30.826+00:00,B_sell_A_buy,8.1276,2.2276,231.2,231.22,28.034,1.15,231.408,231.419,2.701,12.962,0.0000121257,0.0007000000,341.5,0.0
2026-09-04T11:29:30.863+00:00,B_sell_A_buy,8.1276,2.2276,231.2,231.22,28.034,1.15,231.408,231.419,0.397,12.962,0.0000121257,0.0007000000,379.6,0.0
2026-09-04T11:29:31.086+00:00,B_sell_A_buy,8.1276,2.2276,231.2,231.22,28.034,1.15,231.408,231.419,2.272,12.962,0.0000121257,0.0007000000,602.5,0.1
2026-09-04T11:29:31.087+00:00,B_sell_A_buy,8.1274,2.2274,231.2,231.22,28.034,1.15,231.408,231.433,2.272,0.225,0.0000121257,0.0007000000,604.7,0.1
2026-09-04T11:29:31.196+00:00,B_sell_A_buy,8.1275,2.2275,231.2,231.22,28.034,1.15,231.408,231.431,2.272,12.962,0.0000121257,0.0007000000,711.7,0.1
2026-09-04T11:29:31.494+00:00,B_sell_A_buy,7.2625,1.3625,231.22,231.24,11.075,23.975,231.408,231.431,2.272,12.962,0.0000121031,0.0007000000,0.1,298.9
2026-09-04T11:29:31.605+00:00,B_sell_A_buy,7.2625,1.3625,231.22,231.24,22.15,23.975,231.408,231.431,2.272,12.962,0.0000121031,0.0007000000,0.1,409.8
2026-09-04T11:29:31.654+00:00,B_sell_A_buy,7.2625,1.3625,231.22,231.24,22.15,23.975,231.408,231.439,2.272,0.852,0.0000121031,0.0007000000,49.3,0.1
2026-09-04T11:29:31.707+00:00,B_sell_A_buy,7.2625,1.3625,231.22,231.24,44.3,23.975,231.408,231.439,2.272,0.852,0.0000121031,0.0007000000,0.1,52.5
2026-09-04T11:29:31.764+00:00,B_sell_A_buy,7.2625,1.3625,231.22,231.24,44.3,23.975,231.408,231.437,2.272,25.924,0.0000121031,0.0007000000,57.0,0.1
2026-09-04T11:29:31.822+00:00,B_sell_A_buy,7.2625,1.3625,231.22,231.24,55.375,16.415,231.408,231.437,2.272,25.924,0.0000121031,0.0007000000,0.1,58.2
2026-09-04T11:29:31.909+00:00,B_sell_A_buy,7.2625,1.3625,231.21,231.24,18.169,16.415,231.408,231.437,2.272,25.924,0.0000121031,0.0007000000,0.1,144.9
2026-09-04T11:29:32.121+00:00,B_sell_A_buy,7.2626,1.3626,231.2,231.24,8.254,16.415,231.408,231.437,2.272,25.924,0.0000121031,0.0007000000,0.1,358.3
2026-09-04T11:29:32.122+00:00,B_sell_A_buy,7.2625,1.3625,231.22,231.24,4.325,16.415,231.408,231.437,2.272,25.924,0.0000121031,0.0007000000,0.2,358.4
2026-09-04T11:29:32.604+00:00,B_sell_A_buy,7.2625,1.3625,231.22,231.24,4.325,30.899,231.408,231.437,2.272,25.924,0.0000121031,0.0007000000,0.1,840.8
2026-09-04T11:29:32.604+00:00,B_sell_A_buy,7.2625,1.3625,231.21,231.24,3.93,30.899,231.408,231.437,2.272,25.924,0.0000121031,0.0007000000,0.1,840.9
2026-09-04T11:29:32.604+00:00,B_sell_A_buy,7.2625,1.3625,231.22,231.24,19.523,30.899,231.408,231.437,2.272,25.924,0.0000121031,0.0007000000,0.2,840.9
2026-09-04T11:29:33.114+00:00,B_sell_A_buy,7.2625,1.3625,231.22,231.24,19.523,30.899,231.408,231.437,0.397,25.924,0.0000121031,0.0007000000,509.6,0.1
2026-09-04T11:29:33.124+00:00,B_sell_A_buy,7.2625,1.3625,231.22,231.24,19.523,30.899,231.408,231.436,0.397,0.886,0.0000121031,0.0007000000,518.9,0.1
2026-09-04T11:29:33.161+00:00,B_sell_A_buy,7.2625,1.3625,231.22,231.24,19.523,30.899,231.408,231.436,2.687,1.904,0.0000121031,0.0007000000,556.9,0.1
2026-09-04T11:29:33.447+00:00,B_sell_A_buy,7.2625,1.3625,231.22,231.24,22.72,30.899,231.408,231.436,2.687,1.904,0.0000121031,0.0007000000,0.1,286.3
2026-09-04T11:29:33.505+00:00,B_sell_A_buy,7.6949,1.7949,231.22,231.23,22.72,33.106,231.408,231.436,2.687,1.904,0.0000121031,0.0007000000,0.1,343.7
2026-09-04T11:29:33.532+00:00,B_sell_A_buy,7.6949,1.7949,231.22,231.23,22.72,33.106,231.408,231.436,2.687,0.886,0.0000121031,0.0007000000,27.5,0.1
2026-09-04T11:29:33.918+00:00,B_sell_A_buy,7.6948,1.7948,231.22,231.23,22.72,33.106,231.408,231.437,2.687,25.924,0.0000121031,0.0007000000,413.0,0.1
2026-09-04T11:29:34.012+00:00,B_sell_A_buy,7.2625,1.3625,231.22,231.24,23.369,30.899,231.408,231.437,2.687,25.924,0.0000121031,0.0007000000,0.1,94.9
2026-09-04T11:29:34.138+00:00,B_sell_A_buy,7.2625,1.3625,231.22,231.24,23.369,18.809,231.408,231.437,2.687,25.924,0.0000121031,0.0007000000,0.1,220.0
2026-09-04T11:29:37.338+00:00,B_sell_A_buy,7.2625,1.3625,231.22,231.24,23.369,4.325,231.408,231.437,2.29,25.924,0.0000120772,0.0007000000,568.9,0.1
2026-09-04T11:29:37.825+00:00,B_sell_A_buy,7.2625,1.3625,231.22,231.24,23.369,4.325,231.408,231.437,2.687,25.924,0.0000120772,0.0007000000,1055.6,0.1
2026-09-04T11:29:44.791+00:00,B_sell_A_buy,7.2625,1.3625,231.22,231.24,25.194,4.325,231.408,231.437,0.397,25.924,0.0000120613,0.0007000000,251.9,0.1
2026-09-04T11:29:44.798+00:00,B_sell_A_buy,7.2625,1.3625,231.22,231.24,25.194,4.325,231.408,231.437,0.397,26.832,0.0000120613,0.0007000000,258.5,0.1
2026-09-04T11:29:44.803+00:00,B_sell_A_buy,7.2625,1.3625,231.22,231.24,25.194,4.325,231.408,231.436,0.397,1.08,0.0000120613,0.0007000000,264.1,0.1
2026-09-04T11:29:44.837+00:00,B_sell_A_buy,7.2625,1.3625,231.22,231.24,25.194,4.325,231.408,231.436,0.397,1.988,0.0000120613,0.0007000000,298.7,0.1
2026-09-04T11:29:44.855+00:00,B_sell_A_buy,7.2625,1.3625,231.22,231.24,25.194,4.325,231.408,231.435,0.397,1.008,0.0000120613,0.0007000000,315.3,0.1
2026-09-04T11:29:44.966+00:00,B_sell_A_buy,7.2627,1.3627,231.22,231.24,25.194,4.325,231.408,231.413,0.397,1.02,0.0000120613,0.0007000000,426.2,0.1
2026-09-04T11:29:45.000+00:00,B_sell_A_buy,7.2626,1.3626,231.22,231.24,25.194,4.325,231.408,231.416,0.397,12.962,0.0000120613,0.0007000000,460.7,0.1
2026-09-04T11:29:45.003+00:00,B_sell_A_buy,7.2626,1.3626,231.22,231.24,25.194,4.325,231.408,231.423,0.397,0.225,0.0000120613,0.0007000000,463.7,0.1
2026-09-04T11:29:45.010+00:00,B_sell_A_buy,7.3058,1.4058,231.22,231.24,25.194,4.325,231.409,231.423,32.493,0.225,0.0000120613,0.0007000000,470.1,0.1
2026-09-04T11:29:45.037+00:00,B_sell_A_buy,7.3059,1.4059,231.22,231.24,25.194,4.325,231.409,231.411,32.493,12.962,0.0000120613,0.0007000000,497.6,0.1
2026-09-04T11:29:45.042+00:00,B_sell_A_buy,7.3058,1.4058,231.22,231.24,25.194,4.325,231.409,231.423,32.493,0.225,0.0000120613,0.0007000000,502.4,0.1
2026-09-04T11:29:45.063+00:00,B_sell_A_buy,7.3058,1.4058,231.22,231.24,25.194,4.325,231.409,231.423,32.493,1.174,0.0000120613,0.0007000000,523.7,0.1
2026-09-04T11:29:45.130+00:00,B_sell_A_buy,7.7382,1.8382,231.22,231.23,17.023,21.623,231.409,231.423,32.493,1.174,0.0000120613,0.0007000000,0.1,67.3
2026-09-04T11:29:45.194+00:00,B_sell_A_buy,7.7382,1.8382,231.22,231.23,17.023,21.623,231.409,231.423,32.493,0.225,0.0000120613,0.0007000000,63.5,0.1
2026-09-04T11:29:45.199+00:00,B_sell_A_buy,7.7382,1.8382,231.22,231.23,17.023,43.773,231.409,231.423,32.493,0.225,0.0000120613,0.0007000000,0.1,5.2
2026-09-04T11:29:45.202+00:00,B_sell_A_buy,7.7814,1.8814,231.22,231.23,17.023,43.773,231.41,231.423,0.615,0.225,0.0000120613,0.0007000000,3.6,0.1
2026-09-04T11:29:45.262+00:00,B_sell_A_buy,7.8678,1.9678,231.22,231.23,17.023,43.773,231.412,231.423,32.493,0.225,0.0000120613,0.0007000000,63.4,0.1
2026-09-04T11:29:45.339+00:00,B_sell_A_buy,6.3108,0.4108,231.22,231.29,28.13,74.075,231.436,231.453,32.493,0.225,0.0000120613,0.0007000000,0.1,24.6
2026-09-04T11:29:45.402+00:00,B_sell_A_buy,6.3108,0.4108,231.22,231.29,28.13,74.075,231.436,231.453,32.493,1.173,0.0000120613,0.0007000000,63.1,0.1
2026-09-04T11:29:45.403+00:00,B_sell_A_buy,7.1755,1.2755,231.21,231.27,0.496,19.599,231.436,231.453,32.493,1.173,0.0000120613,0.0007000000,0.2,0.2
2026-09-04T11:29:45.482+00:00,B_sell_A_buy,7.1755,1.2755,231.21,231.27,0.496,19.599,231.436,231.453,32.493,0.948,0.0000120613,0.0007000000,79.2,0.1
2026-09-04T11:29:45.551+00:00,B_sell_A_buy,7.6079,1.7079,231.21,231.26,0.649,19.599,231.436,231.453,32.493,0.948,0.0000120613,0.0007000000,0.1,69.5
2026-09-04T11:29:45.551+00:00,B_sell_A_buy,7.1752,1.2752,231.25,231.27,11.075,34.339,231.436,231.453,32.493,0.948,0.0000120613,0.0007000000,0.2,69.6
2026-09-04T11:29:45.600+00:00,B_sell_A_buy,7.1751,1.2751,231.25,231.27,11.075,34.339,231.436,231.47,32.493,0.947,0.0000120613,0.0007000000,49.8,0.1
2026-09-04T11:29:45.600+00:00,B_sell_A_buy,7.1750,1.2750,231.25,231.27,11.075,34.339,231.436,231.48,32.493,1.08,0.0000120613,0.0007000000,49.8,0.2
2026-09-04T11:29:45.605+00:00,B_sell_A_buy,7.1751,1.2751,231.25,231.27,11.075,34.339,231.436,231.47,32.493,0.881,0.0000120613,0.0007000000,54.7,0.1
2026-09-04T11:29:45.705+00:00,B_sell_A_buy,5.9644,0.0644,231.28,231.3,33.005,0.622,231.438,231.47,108.427,0.881,0.0000120613,0.0007000000,42.9,0.1
2026-09-04T11:29:45.721+00:00,B_sell_A_buy,5.9644,0.0644,231.28,231.3,32.356,0.622,231.438,231.47,108.427,0.881,0.0000120613,0.0007000000,0.1,15.9
2026-09-04T11:29:45.760+00:00,B_sell_A_buy,6.0508,0.1508,231.28,231.3,32.356,0.622,231.44,231.47,32.493,0.881,0.0000120613,0.0007000000,39.5,0.1
2026-09-04T11:29:45.904+00:00,B_sell_A_buy,6.1373,0.2373,231.28,231.3,32.356,0.622,231.442,231.47,12.962,0.881,0.0000120613,0.0007000000,182.9,0.1
2026-09-04T11:29:45.965+00:00,B_sell_A_buy,6.2237,0.3237,231.28,231.3,32.356,0.622,231.444,231.47,32.493,0.881,0.0000120613,0.0007000000,244.8,0.1
2026-09-04T11:29:46.112+00:00,B_sell_A_buy,6.2237,0.3237,231.28,231.3,32.356,20.221,231.444,231.47,32.493,0.881,0.0000120613,0.0007000000,0.1,147.3
2026-09-04T11:29:46.112+00:00,B_sell_A_buy,6.2236,0.3236,231.29,231.3,36.547,24.544,231.444,231.47,32.493,0.881,0.0000120613,0.0007000000,0.2,147.4
2026-09-04T11:29:46.382+00:00,B_sell_A_buy,6.2236,0.3236,231.29,231.3,36.547,9.114,231.444,231.47,32.493,0.881,0.0000120613,0.0007000000,0.1,416.4
2026-09-04T11:29:46.669+00:00,B_sell_A_buy,6.2236,0.3236,231.29,231.3,32.223,231.425,231.444,231.47,32.493,0.881,0.0000120847,0.0007000000,0.1,703.4
2026-09-04T11:29:46.872+00:00,B_sell_A_buy,6.2236,0.3236,231.29,231.3,34.852,235.748,231.444,231.47,32.493,0.881,0.0000120847,0.0007000000,0.1,907.4
2026-09-04T11:29:46.990+00:00,B_sell_A_buy,6.2236,0.3236,231.29,231.3,32.191,235.748,231.444,231.47,32.493,0.881,0.0000120847,0.0007000000,0.1,1024.4
2026-09-04T11:29:47.060+00:00,B_sell_A_buy,6.2236,0.3236,231.29,231.3,32.191,235.748,231.444,231.469,32.493,0.942,0.0000120847,0.0007000000,70.4,0.1
2026-09-04T11:29:47.144+00:00,B_sell_A_buy,6.2236,0.3236,231.29,231.3,32.191,233.762,231.444,231.469,32.493,0.942,0.0000120847,0.0007000000,0.1,84.3
2026-09-04T11:29:47.290+00:00,B_sell_A_buy,6.2236,0.3236,231.29,231.3,3.659,253.361,231.444,231.469,32.493,0.942,0.0000120847,0.0007000000,0.1,231.1
2026-09-04T11:29:47.675+00:00,B_sell_A_buy,6.2236,0.3236,231.29,231.3,7.983,253.361,231.444,231.469,32.493,0.942,0.0000120847,0.0007000000,0.1,615.5
2026-09-04T11:29:47.675+00:00,B_sell_A_buy,6.2236,0.3236,231.29,231.3,26.444,253.361,231.444,231.469,32.493,0.942,0.0000120847,0.0007000000,0.2,615.6
2026-09-04T11:29:47.730+00:00,B_sell_A_buy,6.2236,0.3236,231.29,231.3,22.12,253.361,231.444,231.469,32.493,0.942,0.0000120847,0.0007000000,0.1,669.8
2026-09-04T11:29:47.809+00:00,B_sell_A_buy,6.2236,0.3236,231.29,231.3,22.12,251.375,231.444,231.469,32.493,0.942,0.0000120847,0.0007000000,0.1,749.2
2026-09-04T11:29:47.885+00:00,B_sell_A_buy,6.2236,0.3236,231.29,231.3,26.444,251.375,231.444,231.469,32.493,0.942,0.0000120847,0.0007000000,0.1,825.2
2026-09-04T11:29:48.025+00:00,B_sell_A_buy,6.2236,0.3236,231.29,231.3,26.444,251.11,231.444,231.469,32.493,0.942,0.0000120847,0.0007000000,0.1,966.3
2026-09-04T11:29:48.097+00:00,B_sell_A_buy,6.2236,0.3236,231.29,231.3,22.12,251.11,231.444,231.469,32.493,0.942,0.0000120847,0.0007000000,0.1,1038.0
2026-09-04T11:29:48.421+00:00,B_sell_A_buy,6.2236,0.3236,231.29,231.3,22.12,259.11,231.444,231.469,32.493,0.942,0.0000120847,0.0007000000,0.1,1361.3
2026-09-04T11:29:48.554+00:00,B_sell_A_buy,6.2236,0.3236,231.29,231.3,6.38,257.124,231.444,231.469,32.493,0.942,0.0000120847,0.0007000000,0.1,1494.2
2026-09-04T11:29:48.621+00:00,B_sell_A_buy,6.2236,0.3236,231.29,231.3,6.38,82.399,231.444,231.469,32.493,0.942,0.0000120847,0.0007000000,0.1,1561.2
2026-09-04T11:29:48.819+00:00,B_sell_A_buy,6.2237,0.3237,231.28,231.3,24.981,82.399,231.444,231.469,32.493,0.942,0.0000120847,0.0007000000,0.1,1759.2
2026-09-04T11:29:49.697+00:00,B_sell_A_buy,6.1812,0.2812,231.26,231.28,16.178,4.749,231.423,231.43,33.573,1.021,0.0000120847,0.0007000000,0.1,391.3
2026-09-04T11:29:49.723+00:00,B_sell_A_buy,6.6135,0.7135,231.26,231.27,16.178,10.221,231.423,231.43,33.573,1.021,0.0000120847,0.0007000000,0.1,418.4
2026-09-04T11:29:49.889+00:00,B_sell_A_buy,6.6135,0.7135,231.26,231.27,16.178,20.442,231.423,231.43,33.573,1.021,0.0000120847,0.0007000000,0.1,583.7
2026-09-04T11:29:49.889+00:00,B_sell_A_buy,6.6135,0.7135,231.26,231.27,16.178,30.663,231.423,231.43,33.573,1.021,0.0000120847,0.0007000000,0.2,583.8
2026-09-04T11:29:50.003+00:00,B_sell_A_buy,6.6135,0.7135,231.26,231.27,16.178,51.105,231.423,231.43,33.573,1.021,0.0000120847,0.0007000000,0.1,697.0
2026-09-04T11:29:50.153+00:00,B_sell_A_buy,6.6135,0.7135,231.26,231.27,20.505,27.826,231.423,231.43,33.573,1.021,0.0000120847,0.0007000000,0.1,847.8
2026-09-04T11:29:50.547+00:00,B_sell_A_buy,6.6135,0.7135,231.26,231.27,20.505,27.826,231.423,231.43,33.97,1.021,0.0000120847,0.0007000000,394.3,0.1
2026-09-04T11:29:50.564+00:00,B_sell_A_buy,6.6135,0.7135,231.26,231.27,40.028,27.826,231.423,231.43,33.97,1.021,0.0000120847,0.0007000000,0.1,16.2
2026-09-04T11:29:50.590+00:00,B_sell_A_buy,6.6135,0.7135,231.26,231.27,44.444,27.826,231.423,231.43,33.97,1.021,0.0000120847,0.0007000000,0.1,42.5
2026-09-04T11:29:51.144+00:00,B_sell_A_buy,6.6135,0.7135,231.26,231.27,113.974,27.826,231.423,231.43,33.97,1.021,0.0000120847,0.0007000000,0.1,596.7
2026-09-04T11:29:51.224+00:00,B_sell_A_buy,6.6135,0.7135,231.26,231.27,113.974,27.826,231.423,231.43,32.89,1.021,0.0000120847,0.0007000000,79.9,0.1
2026-09-04T11:29:51.224+00:00,B_sell_A_buy,6.6135,0.7135,231.26,231.27,113.974,27.826,231.423,231.43,0.397,1.021,0.0000120847,0.0007000000,80.1,0.3
2026-09-04T11:29:51.234+00:00,B_sell_A_buy,6.6135,0.7135,231.26,231.27,113.974,27.826,231.423,231.429,0.397,0.89,0.0000120847,0.0007000000,90.3,0.1
2026-09-04T11:29:51.316+00:00,B_sell_A_buy,6.6135,0.7135,231.26,231.27,113.974,27.826,231.423,231.428,0.397,1.01,0.0000120847,0.0007000000,172.6,0.1
2026-09-04T11:29:51.617+00:00,B_sell_A_buy,6.6135,0.7135,231.26,231.27,113.974,27.826,231.423,231.424,0.397,1.032,0.0000121005,0.0007000000,473.0,0.1
2026-09-04T11:29:51.629+00:00,B_sell_A_buy,6.6135,0.7135,231.26,231.27,113.974,27.826,231.423,231.424,0.397,13.994,0.0000121005,0.0007000000,484.7,0.0
2026-09-04T11:29:51.632+00:00,B_sell_A_buy,6.6135,0.7135,231.26,231.27,113.974,27.826,231.423,231.424,0.397,1.032,0.0000121005,0.0007000000,488.1,0.1
2026-09-04T11:29:51.639+00:00,B_sell_A_buy,6.6135,0.7135,231.26,231.27,78.273,27.826,231.423,231.424,0.397,1.032,0.0000121005,0.0007000000,0.0,7.0
2026-09-04T11:29:51.746+00:00,B_sell_A_buy,6.6135,0.7135,231.26,231.27,75.552,40.133,231.423,231.424,0.397,1.032,0.0000121005,0.0007000000,0.1,114.1
2026-09-04T11:29:51.893+00:00,B_sell_A_buy,6.6136,0.7136,231.25,231.27,5.403,38.147,231.423,231.424,0.397,1.032,0.0000121005,0.0007000000,0.1,261.3
2026-09-04T11:29:52.019+00:00,B_sell_A_buy,6.6136,0.7136,231.25,231.27,5.403,38.147,231.423,231.424,0.397,1.257,0.0000121005,0.0007000000,126.0,0.1
2026-09-04T11:29:52.029+00:00,B_sell_A_buy,6.6136,0.7136,231.25,231.27,5.403,38.147,231.423,231.424,0.397,2.092,0.0000121005,0.0007000000,135.4,0.1
2026-09-04T11:29:52.052+00:00,B_sell_A_buy,6.6136,0.7136,231.25,231.27,5.403,38.147,231.423,231.424,0.397,97.888,0.0000121005,0.0007000000,159.5,0.1
2026-09-04T11:29:52.136+00:00,B_sell_A_buy,7.0459,1.1459,231.25,231.26,5.403,10.221,231.423,231.424,0.397,97.888,0.0000121005,0.0007000000,0.1,83.3
2026-09-04T11:29:52.166+00:00,B_sell_A_buy,7.0460,1.1460,231.24,231.26,2.849,24.766,231.423,231.424,0.397,97.888,0.0000121005,0.0007000000,0.1,113.1
2026-09-04T11:29:53.475+00:00,B_sell_A_buy,6.2260,0.3260,231.2,231.21,17.411,20.442,231.354,231.385,1.08,0.938,0.0000121005,0.0007000000,0.1,58.1
2026-09-04T11:29:53.710+00:00,B_sell_A_buy,6.2260,0.3260,231.2,231.21,83.543,40.884,231.354,231.385,1.08,0.938,0.0000121005,0.0007000000,0.1,293.1
2026-09-04T11:29:53.823+00:00,B_sell_A_buy,6.2260,0.3260,231.2,231.21,83.543,55.43,231.354,231.385,1.08,0.938,0.0000121005,0.0007000000,0.1,405.8
2026-09-04T11:29:53.895+00:00,B_sell_A_buy,6.2260,0.3260,231.2,231.21,69.14,14.546,231.354,231.385,1.08,0.938,0.0000121005,0.0007000000,0.0,478.7
2026-09-04T11:29:54.072+00:00,B_sell_A_buy,6.2260,0.3260,231.2,231.21,35.034,14.546,231.354,231.385,1.08,0.938,0.0000121005,0.0007000000,0.1,654.4
2026-09-04T11:29:54.241+00:00,B_sell_A_buy,6.2260,0.3260,231.2,231.21,17.413,14.546,231.354,231.385,1.08,0.938,0.0000121005,0.0007000000,0.1,824.2
2026-09-04T11:29:54.414+00:00,B_sell_A_buy,6.2261,0.3261,231.2,231.21,17.413,14.546,231.354,231.379,1.08,0.921,0.0000121005,0.0007000000,172.3,0.1
2026-09-04T11:29:54.418+00:00,B_sell_A_buy,6.2260,0.3260,231.2,231.21,17.413,14.546,231.354,231.385,1.08,0.938,0.0000121005,0.0007000000,176.8,0.0
2026-09-04T11:29:54.422+00:00,B_sell_A_buy,6.2260,0.3260,231.2,231.21,20.136,14.546,231.354,231.385,1.08,0.938,0.0000121005,0.0007000000,0.0,4.1
2026-09-04T11:29:54.429+00:00,B_sell_A_buy,6.2260,0.3260,231.2,231.21,20.136,14.546,231.354,231.385,1.08,1.163,0.0000121005,0.0007000000,7.0,0.0
2026-09-04T11:29:54.532+00:00,B_sell_A_buy,6.2260,0.3260,231.2,231.21,20.136,14.546,231.354,231.383,1.08,25.924,0.0000121005,0.0007000000,110.0,0.1
2026-09-04T11:29:54.557+00:00,B_sell_A_buy,6.2260,0.3260,231.2,231.21,20.136,14.546,231.354,231.382,1.08,0.942,0.0000121005,0.0007000000,135.1,0.1
2026-09-04T11:29:54.829+00:00,B_sell_A_buy,6.6586,0.7586,231.19,231.2,38.817,10.221,231.354,231.382,1.08,0.942,0.0000121005,0.0007000000,0.1,272.7
2026-09-04T11:29:55.104+00:00,B_sell_A_buy,6.6586,0.7586,231.19,231.2,38.817,30.663,231.354,231.382,1.08,0.942,0.0000121005,0.0007000000,0.1,547.4
2026-09-04T11:29:55.299+00:00,B_sell_A_buy,6.6586,0.7586,231.19,231.2,41.538,34.145,231.354,231.382,1.08,0.942,0.0000121005,0.0007000000,0.1,741.7
2026-09-04T11:29:55.299+00:00,B_sell_A_buy,6.6586,0.7586,231.19,231.2,107.668,34.145,231.354,231.382,1.08,0.942,0.0000121005,0.0007000000,0.2,741.8
2026-09-04T11:29:55.697+00:00,B_sell_A_buy,6.6586,0.7586,231.19,231.2,41.54,34.145,231.354,231.382,1.08,0.942,0.0000121005,0.0007000000,0.1,1139.8
2026-09-04T11:29:57.626+00:00,B_sell_A_buy,6.6586,0.7586,231.19,231.2,56.495,34.145,231.354,231.38,1.08,0.984,0.0000121087,0.0007000000,727.1,0.1
2026-09-04T11:29:58.411+00:00,B_sell_A_buy,6.6586,0.7586,231.19,231.2,56.495,34.145,231.354,231.38,1.08,0.491,0.0000121087,0.0007000000,1511.8,0.1
2026-09-04T11:29:58.659+00:00,B_sell_A_buy,6.6586,0.7586,231.19,231.2,56.495,34.145,231.354,231.38,1.08,0.059,0.0000121087,0.0007000000,1760.4,0.1
2026-09-04T11:29:59.363+00:00,B_sell_A_buy,6.6586,0.7586,231.19,231.2,56.495,23.924,231.354,231.38,1.08,0.059,0.0000121087,0.0007000000,0.1,703.3
2026-09-04T11:30:00.010+00:00,B_sell_A_buy,6.6586,0.7586,231.19,231.2,56.495,23.924,231.354,231.382,1.08,0.942,0.0000121087,0.0007000000,646.8,0.1
2026-09-04T11:30:00.013+00:00,B_sell_A_buy,6.6585,0.7585,231.19,231.2,56.495,23.924,231.354,231.383,1.08,26.149,0.0000121087,0.0007000000,650.1,0.1
2026-09-04T11:30:00.025+00:00,B_sell_A_buy,6.6585,0.7585,231.19,231.2,56.495,23.924,231.354,231.383,1.08,25.924,0.0000121087,0.0007000000,662.6,0.1
2026-09-04T11:30:00.036+00:00,B_sell_A_buy,6.6585,0.7585,231.19,231.2,56.495,23.924,231.354,231.383,1.08,12.962,0.0000121087,0.0007000000,673.2,0.1
2026-09-04T11:30:00.036+00:00,B_sell_A_buy,6.6585,0.7585,231.19,231.2,56.495,23.924,231.354,231.386,1.08,1.058,0.0000121087,0.0007000000,673.3,0.1
2026-09-04T11:30:00.144+00:00,B_sell_A_buy,6.6585,0.7585,231.19,231.2,56.495,23.924,231.354,231.384,1.08,12.962,0.0000121087,0.0007000000,781.1,0.1
2026-09-04T11:30:00.347+00:00,B_sell_A_buy,6.6585,0.7585,231.19,231.2,56.495,3.568,231.354,231.384,1.08,12.962,0.0000121087,0.0007000000,0.1,203.7
2026-09-04T11:30:00.350+00:00,B_sell_A_buy,6.7018,0.8018,231.19,231.2,56.495,3.568,231.355,231.384,12.962,12.962,0.0000121087,0.0007000000,2.3,0.1
2026-09-04T11:30:00.350+00:00,B_sell_A_buy,6.7450,0.8450,231.19,231.2,56.495,3.568,231.356,231.384,32.493,12.962,0.0000121087,0.0007000000,2.3,0.1
2026-09-04T11:30:00.696+00:00,B_sell_A_buy,6.3126,0.4126,231.19,231.21,72.901,19.599,231.356,231.384,32.493,12.962,0.0000121087,0.0007000000,0.1,346.7
2026-09-04T11:30:00.894+00:00,B_sell_A_buy,6.7450,0.8450,231.19,231.2,76.289,4.325,231.356,231.384,32.493,12.962,0.0000121087,0.0007000000,0.1,544.1
2026-09-04T11:30:01.070+00:00,B_sell_A_buy,6.7450,0.8450,231.19,231.2,77.978,4.325,231.356,231.384,32.493,12.962,0.0000121087,0.0007000000,0.1,720.3
2026-09-04T11:30:01.108+00:00,B_sell_A_buy,6.3126,0.4126,231.19,231.21,79.582,4.325,231.356,231.384,32.493,12.962,0.0000121087,0.0007000000,0.1,758.1
2026-09-04T11:30:01.489+00:00,B_sell_A_buy,6.3125,0.4125,231.2,231.21,15.542,4.325,231.356,231.384,32.493,12.962,0.0000121087,0.0007000000,0.1,1139.9
2026-09-04T11:30:01.618+00:00,B_sell_A_buy,6.3125,0.4125,231.2,231.21,23.221,4.325,231.356,231.384,32.493,12.962,0.0000121087,0.0007000000,0.1,1267.5
2026-09-04T11:30:02.156+00:00,B_sell_A_buy,6.3125,0.4125,231.2,231.21,24.246,4.325,231.356,231.384,32.493,12.962,0.0000121229,0.0007000000,0.1,1806.6
2026-09-04T11:30:03.630+00:00,B_sell_A_buy,6.3125,0.4125,231.19,231.21,43.095,4.325,231.356,231.393,32.493,2.074,0.0000121229,0.0007000000,43.9,0.1
2026-09-04T11:30:03.650+00:00,B_sell_A_buy,6.3125,0.4125,231.19,231.21,44.79,4.325,231.356,231.393,32.493,2.074,0.0000121229,0.0007000000,0.0,20.7
2026-09-04T11:30:03.714+00:00,B_sell_A_buy,6.3125,0.4125,231.19,231.21,44.79,4.325,231.356,231.391,32.493,12.962,0.0000121229,0.0007000000,63.8,0.0
2026-09-04T11:30:03.816+00:00,B_sell_A_buy,6.3125,0.4125,231.19,231.21,78.204,4.325,231.356,231.391,32.493,12.962,0.0000121229,0.0007000000,0.1,101.5
2026-09-04T11:30:04.161+00:00,B_sell_A_buy,6.6150,0.7150,231.19,231.22,78.204,23.924,231.373,231.391,32.493,12.962,0.0000121229,0.0007000000,274.0,0.1
2026-09-04T11:30:04.170+00:00,B_sell_A_buy,6.6149,0.7149,231.2,231.22,4.325,23.924,231.373,231.391,32.493,12.962,0.0000121229,0.0007000000,0.0,8.8
2026-09-04T11:30:04.221+00:00,B_sell_A_buy,5.9232,0.0232,231.2,231.22,4.325,23.924,231.357,231.396,1.87,1.031,0.0000121229,0.0007000000,50.7,0.0
2026-09-04T11:30:04.275+00:00,B_sell_A_buy,6.0097,0.1097,231.2,231.22,4.325,23.924,231.359,231.396,32.493,1.031,0.0000121229,0.0007000000,104.3,0.1
2026-09-04T11:30:04.296+00:00,B_sell_A_buy,6.0097,0.1097,231.2,231.22,4.325,23.924,231.359,231.394,32.493,12.962,0.0000121229,0.0007000000,125.0,0.1
2026-09-04T11:30:04.386+00:00,B_sell_A_buy,6.0097,0.1097,231.2,231.22,19.582,23.924,231.359,231.394,32.493,12.962,0.0000121229,0.0007000000,0.1,90.7
2026-09-04T11:30:04.635+00:00,B_sell_A_buy,6.0096,0.1096,231.21,231.22,15.597,4.325,231.359,231.394,32.493,12.962,0.0000121229,0.0007000000,0.1,339.3
2026-09-04T11:30:05.154+00:00,B_sell_A_buy,6.0096,0.1096,231.21,231.22,17.31,4.325,231.359,231.394,32.493,12.962,0.0000121229,0.0007000000,0.1,858.2
2026-09-04T11:30:05.355+00:00,B_sell_A_buy,6.0096,0.1096,231.21,231.22,17.31,24.767,231.359,231.394,32.493,12.962,0.0000121229,0.0007000000,0.1,1059.7
2026-09-04T11:30:05.396+00:00,B_sell_A_buy,6.0096,0.1096,231.21,231.22,17.31,34.988,231.359,231.394,32.493,12.962,0.0000121229,0.0007000000,0.1,1101.4
2026-09-04T11:30:05.514+00:00,B_sell_A_buy,6.0096,0.1096,231.21,231.22,17.31,45.209,231.359,231.394,32.493,12.962,0.0000121229,0.0007000000,0.1,1218.4
2026-09-04T11:30:05.595+00:00,B_sell_A_buy,6.0096,0.1096,231.21,231.22,17.31,4.325,231.359,231.394,32.493,12.962,0.0000121229,0.0007000000,0.1,1299.9
2026-09-04T11:30:06.602+00:00,B_sell_A_buy,6.1393,0.2393,231.21,231.22,17.31,24.767,231.362,231.394,2.074,12.962,0.0000121229,0.0007000000,86.6,0.1
2026-09-04T11:30:06.606+00:00,B_sell_A_buy,6.1393,0.2393,231.21,231.22,17.31,34.988,231.362,231.394,2.074,12.962,0.0000121229,0.0007000000,0.0,5.2
2026-09-04T11:30:06.667+00:00,B_sell_A_buy,6.1825,0.2825,231.21,231.22,17.31,34.988,231.363,231.394,32.493,12.962,0.0000121229,0.0007000000,60.4,0.1
2026-09-04T11:30:06.683+00:00,B_sell_A_buy,6.1825,0.2825,231.21,231.22,17.31,34.988,231.363,231.394,32.493,14.042,0.0000121229,0.0007000000,76.3,0.1
2026-09-04T11:30:06.683+00:00,B_sell_A_buy,6.1825,0.2825,231.21,231.22,17.31,14.546,231.363,231.394,32.493,14.042,0.0000121229,0.0007000000,0.1,0.1
2026-09-04T11:30:06.741+00:00,B_sell_A_buy,6.1825,0.2825,231.21,231.22,17.31,4.325,231.363,231.394,32.493,14.042,0.0000121229,0.0007000000,0.0,58.5
2026-09-04T11:30:06.898+00:00,B_sell_A_buy,6.1825,0.2825,231.21,231.22,62.568,4.325,231.363,231.394,32.493,14.042,0.0000121229,0.0007000000,0.1,215.5
2026-09-04T11:30:06.916+00:00,B_sell_A_buy,6.2258,0.3258,231.21,231.22,62.568,4.325,231.364,231.394,2.053,14.042,0.0000121325,0.0007000000,18.2,0.1
2026-09-04T11:30:07.247+00:00,B_sell_A_buy,6.2258,0.3258,231.21,231.22,66.893,4.325,231.364,231.394,2.053,14.042,0.0000121325,0.0007000000,0.1,331.3
2026-09-04T11:30:07.473+00:00,B_sell_A_buy,6.2690,0.3690,231.21,231.22,66.893,4.325,231.365,231.394,12.962,14.042,0.0000121325,0.0007000000,224.9,0.1
2026-09-04T11:30:07.477+00:00,B_sell_A_buy,6.5284,0.6284,231.21,231.22,66.893,4.325,231.371,231.394,1.937,14.042,0.0000121325,0.0007000000,228.9,0.0
2026-09-04T11:30:07.646+00:00,B_sell_A_buy,6.6148,0.7148,231.21,231.22,66.893,4.325,231.373,231.394,32.493,14.042,0.0000121325,0.0007000000,398.5,0.1
2026-09-04T11:30:08.010+00:00,B_sell_A_buy,6.6580,0.7580,231.21,231.22,66.893,4.325,231.374,231.394,2.149,14.042,0.0000121325,0.0007000000,763.1,0.1
2026-09-04T11:30:08.094+00:00,B_sell_A_buy,6.6580,0.7580,231.21,231.22,66.893,4.325,231.374,231.394,2.149,1.08,0.0000121325,0.0007000000,847.2,0.1
2026-09-04T11:30:08.100+00:00,B_sell_A_buy,6.7013,0.8013,231.21,231.22,66.893,4.325,231.375,231.394,12.962,1.08,0.0000121325,0.0007000000,852.8,0.0
2026-09-04T11:30:08.100+00:00,B_sell_A_buy,7.0471,1.1471,231.21,231.22,66.893,4.325,231.383,231.394,32.493,1.08,0.0000121325,0.0007000000,852.9,0.1
2026-09-04T11:30:08.146+00:00,B_sell_A_buy,6.6147,0.7147,231.21,231.23,62.57,24.356,231.383,231.394,32.493,1.08,0.0000121325,0.0007000000,0.0,45.1
2026-09-04T11:30:08.512+00:00,B_sell_A_buy,6.1822,0.2822,231.22,231.24,22.282,25.666,231.383,231.394,32.493,1.08,0.0000121325,0.0007000000,0.1,411.2
2026-09-04T11:30:08.530+00:00,B_sell_A_buy,6.1822,0.2822,231.22,231.24,22.282,23.012,231.383,231.394,32.493,1.08,0.0000121325,0.0007000000,0.0,429.9
2026-09-04T11:30:08.687+00:00,B_sell_A_buy,6.1823,0.2823,231.2,231.24,5.922,23.012,231.383,231.394,32.493,1.08,0.0000121325,0.0007000000,0.1,586.9
2026-09-04T11:30:09.019+00:00,B_sell_A_buy,6.1823,0.2823,231.2,231.24,5.922,27.337,231.383,231.394,32.493,1.08,0.0000121325,0.0007000000,0.1,918.2
2026-09-04T11:30:09.062+00:00,B_sell_A_buy,6.6147,0.7147,231.21,231.23,4.325,4.325,231.383,231.394,32.493,1.08,0.0000121325,0.0007000000,0.1,961.9
2026-09-04T11:30:09.066+00:00,B_sell_A_buy,6.6147,0.7147,231.21,231.23,39.053,4.325,231.383,231.394,32.493,1.08,0.0000121325,0.0007000000,0.0,965.1
2026-09-04T11:30:09.204+00:00,B_sell_A_buy,6.6146,0.7146,231.22,231.23,0.649,4.325,231.383,231.394,32.493,1.08,0.0000121325,0.0007000000,0.0,1104.4
2026-09-04T11:30:09.505+00:00,B_sell_A_buy,6.6146,0.7146,231.22,231.23,7.635,4.325,231.383,231.394,32.493,1.08,0.0000121325,0.0007000000,0.1,1404.8
2026-09-04T11:30:10.907+00:00,B_sell_A_buy,6.6145,0.7145,231.22,231.23,7.635,4.325,231.383,231.401,32.493,12.962,0.0000121325,0.0007000000,1402.3,0.1
2026-09-04T11:30:10.908+00:00,B_sell_A_buy,6.6144,0.7144,231.22,231.23,7.635,4.325,231.383,231.417,32.493,12.962,0.0000121325,0.0007000000,1402.5,0.2
2026-09-04T11:30:10.908+00:00,B_sell_A_buy,6.6144,0.7144,231.22,231.23,7.635,4.325,231.383,231.423,32.493,1.048,0.0000121325,0.0007000000,1402.5,0.3
2026-09-04T11:30:11.008+00:00,B_sell_A_buy,6.6144,0.7144,231.22,231.23,7.635,4.325,231.383,231.421,32.493,25.924,0.0000121325,0.0007000000,1502.8,0.1
2026-09-04T11:30:12.398+00:00,B_sell_A_buy,6.6144,0.7144,231.22,231.23,6.986,4.325,231.383,231.421,32.493,25.924,0.0000121480,0.0007000000,0.1,1390.5
2026-09-04T11:30:15.709+00:00,B_sell_A_buy,6.2252,0.3252,231.23,231.24,1.666,23.924,231.384,231.421,1.918,25.924,0.0000121480,0.0007000000,49.8,0.1
2026-09-04T11:30:15.727+00:00,B_sell_A_buy,6.2252,0.3252,231.23,231.24,1.666,23.924,231.384,231.42,1.918,1.08,0.0000121480,0.0007000000,67.6,0.1
2026-09-04T11:30:15.861+00:00,B_sell_A_buy,6.2252,0.3252,231.23,231.24,1.666,23.924,231.384,231.42,1.918,1.209,0.0000121480,0.0007000000,201.6,0.1
2026-09-04T11:30:15.910+00:00,B_sell_A_buy,6.2252,0.3252,231.23,231.24,1.666,23.924,231.384,231.42,1.918,1.08,0.0000121480,0.0007000000,251.5,0.1
2026-09-04T11:30:15.921+00:00,B_sell_A_buy,6.3116,0.4116,231.23,231.24,1.666,23.924,231.386,231.42,58.417,1.08,0.0000121480,0.0007000000,263.0,0.1
2026-09-04T11:30:15.959+00:00,B_sell_A_buy,6.3549,0.4549,231.23,231.24,1.666,23.924,231.387,231.42,2.069,1.08,0.0000121480,0.0007000000,299.6,0.1
2026-09-04T11:30:16.033+00:00,B_sell_A_buy,6.4413,0.5413,231.23,231.24,1.666,23.924,231.389,231.42,32.493,1.08,0.0000121480,0.0007000000,374.4,0.1
2026-09-04T11:30:16.068+00:00,B_sell_A_buy,6.4845,0.5845,231.23,231.24,1.666,23.924,231.39,231.42,1.958,1.08,0.0000121480,0.0007000000,409.0,0.1
2026-09-04T11:30:16.251+00:00,B_sell_A_buy,6.7871,0.8871,231.23,231.24,1.666,23.924,231.397,231.42,2.038,1.08,0.0000121646,0.0007000000,592.5,0.1
2026-09-04T11:30:16.275+00:00,B_sell_A_buy,6.3547,0.4547,231.23,231.25,37.782,10.769,231.397,231.42,2.038,1.08,0.0000121646,0.0007000000,0.1,23.5
2026-09-04T11:30:16.341+00:00,B_sell_A_buy,6.3547,0.4547,231.23,231.25,37.782,2.769,231.397,231.42,2.038,1.08,0.0000121646,0.0007000000,0.1,89.7
2026-09-04T11:30:16.676+00:00,B_sell_A_buy,6.3546,0.4546,231.24,231.25,4.325,2.769,231.397,231.42,2.038,1.08,0.0000121646,0.0007000000,0.1,424.8
2026-09-04T11:30:16.733+00:00,B_sell_A_buy,6.3546,0.4546,231.24,231.25,7.03,2.769,231.397,231.42,2.038,1.08,0.0000121646,0.0007000000,0.1,481.6
2026-09-04T11:30:18.025+00:00,B_sell_A_buy,6.3546,0.4546,231.24,231.25,7.03,2.503,231.397,231.42,2.038,1.08,0.0000121646,0.0007000000,0.1,1773.7
2026-09-04T11:30:18.948+00:00,B_sell_A_buy,6.3114,0.4114,231.24,231.25,23.251,2.503,231.396,231.42,12.962,1.08,0.0000121646,0.0007000000,354.1,0.1
2026-09-04T11:30:18.950+00:00,B_sell_A_buy,6.0521,0.1521,231.24,231.25,23.251,2.503,231.39,231.42,1.958,1.08,0.0000121646,0.0007000000,356.2,0.0
2026-09-04T11:30:19.060+00:00,B_sell_A_buy,6.1385,0.2385,231.24,231.25,23.251,2.503,231.392,231.42,12.962,1.08,0.0000121646,0.0007000000,466.2,0.1
2026-09-04T11:30:20.314+00:00,B_sell_A_buy,6.1385,0.2385,231.24,231.25,23.251,1.746,231.392,231.42,12.962,1.08,0.0000121646,0.0007000000,0.1,1254.1
2026-09-04T11:30:20.391+00:00,B_sell_A_buy,6.1385,0.2385,231.24,231.25,22.602,1.746,231.392,231.42,12.962,1.08,0.0000121646,0.0007000000,0.0,1330.8
2026-09-04T11:30:20.515+00:00,B_sell_A_buy,6.1385,0.2385,231.24,231.25,22.602,1.746,231.392,231.42,12.962,1.196,0.0000121646,0.0007000000,124.1,0.1
2026-09-04T11:30:20.835+00:00,B_sell_A_buy,6.1385,0.2385,231.24,231.25,23.251,1.746,231.392,231.42,12.962,1.196,0.0000121646,0.0007000000,0.1,320.0
2026-09-04T11:30:20.923+00:00,B_sell_A_buy,6.1385,0.2385,231.24,231.25,22.602,1.746,231.392,231.42,12.962,1.196,0.0000121646,0.0007000000,0.1,408.2
2026-09-04T11:30:21.450+00:00,B_sell_A_buy,6.1385,0.2385,231.24,231.25,23.251,1.746,231.392,231.42,12.962,1.196,0.0000121851,0.0007000000,0.1,935.8
2026-09-04T11:30:21.834+00:00,B_sell_A_buy,6.1385,0.2385,231.24,231.25,22.602,1.746,231.392,231.42,12.962,1.196,0.0000121851,0.0007000000,0.1,1319.6
2026-09-04T11:30:23.629+00:00,B_sell_A_buy,6.1385,0.2385,231.24,231.25,22.602,1.746,231.392,231.42,12.962,0.116,0.0000121851,0.0007000000,1794.9,0.1
2026-09-04T11:30:24.049+00:00,B_sell_A_buy,6.1385,0.2385,231.24,231.25,23.251,1.746,231.392,231.42,12.962,0.116,0.0000121851,0.0007000000,0.1,420.2
2026-09-04T11:30:25.354+00:00,B_sell_A_buy,6.1385,0.2385,231.24,231.25,23.251,1.746,231.392,231.421,12.962,12.962,0.0000121851,0.0007000000,1305.2,0.1
2026-09-04T11:30:25.358+00:00,B_sell_A_buy,6.1384,0.2384,231.24,231.25,23.251,1.746,231.392,231.437,12.962,12.962,0.0000121851,0.0007000000,1309.1,0.0
2026-09-04T11:30:25.362+00:00,B_sell_A_buy,6.1384,0.2384,231.24,231.25,23.251,1.746,231.392,231.44,12.962,108.427,0.0000121851,0.0007000000,1313.0,0.0
2026-09-04T11:30:25.367+00:00,B_sell_A_buy,6.1384,0.2384,231.24,231.25,23.251,1.746,231.392,231.444,12.962,0.225,0.0000121851,0.0007000000,1317.6,0.0
2026-09-04T11:30:25.405+00:00,B_sell_A_buy,6.1384,0.2384,231.24,231.25,23.251,1.746,231.392,231.443,12.962,0.137,0.0000121851,0.0007000000,1355.9,0.1
2026-09-04T11:30:25.467+00:00,B_sell_A_buy,6.1816,0.2816,231.24,231.25,23.251,1.746,231.393,231.441,2.211,12.962,0.0000121851,0.0007000000,1417.8,0.1
2026-09-04T11:30:25.470+00:00,B_sell_A_buy,6.1816,0.2816,231.24,231.25,23.251,1.746,231.393,231.441,2.211,25.924,0.0000121851,0.0007000000,1421.1,0.1
2026-09-04T11:30:25.923+00:00,B_sell_A_buy,6.4842,0.5842,231.24,231.25,23.251,1.746,231.4,231.441,1.912,25.924,0.0000121851,0.0007000000,1874.3,0.1
2026-09-04T11:30:25.937+00:00,B_sell_A_buy,6.4842,0.5842,231.24,231.25,23.251,1.746,231.4,231.44,1.912,1.08,0.0000121851,0.0007000000,1889.1,0.1
2026-09-04T11:30:25.959+00:00,B_sell_A_buy,6.5706,0.6706,231.24,231.25,23.251,1.746,231.402,231.44,32.493,1.205,0.0000121851,0.0007000000,1910.2,0.1
2026-09-04T11:30:26.001+00:00,B_sell_A_buy,6.6571,0.7571,231.24,231.25,23.251,1.746,231.404,231.44,12.962,1.205,0.0000121851,0.0007000000,1951.6,0.1
2026-09-04T11:30:26.005+00:00,B_sell_A_buy,6.8299,0.9299,231.24,231.25,23.251,1.746,231.408,231.44,32.493,1.205,0.0000121851,0.0007000000,1955.4,0.1
2026-09-04T11:30:26.103+00:00,B_sell_A_buy,6.3976,0.4976,231.24,231.26,23.251,6.324,231.408,231.44,32.493,1.205,0.0000121851,0.0007000000,0.1,98.1
2026-09-04T11:30:26.388+00:00,B_sell_A_buy,6.3976,0.4976,231.24,231.26,39.362,2.0,231.408,231.44,32.493,1.205,0.0000122055,0.0007000000,0.1,383.8
2026-09-04T11:30:26.544+00:00,B_sell_A_buy,6.3975,0.4975,231.25,231.26,15.225,2.0,231.408,231.44,32.493,1.205,0.0000122055,0.0007000000,0.1,539.5
2026-09-04T11:30:26.791+00:00,B_sell_A_buy,6.3975,0.4975,231.25,231.26,19.549,6.324,231.408,231.44,32.493,1.205,0.0000122055,0.0007000000,0.1,786.8
2026-09-04T11:30:26.999+00:00,B_sell_A_buy,6.3975,0.4975,231.25,231.26,19.549,2.0,231.408,231.44,32.493,1.205,0.0000122055,0.0007000000,0.1,994.5
2026-09-04T11:30:27.022+00:00,B_sell_A_buy,6.3975,0.4975,231.25,231.26,22.271,2.0,231.408,231.44,32.493,1.205,0.0000122055,0.0007000000,0.1,1017.2
2026-09-04T11:30:27.400+00:00,B_sell_A_buy,6.1382,0.2382,231.25,231.26,22.271,2.0,231.402,231.44,32.493,1.205,0.0000122055,0.0007000000,377.7,0.1
2026-09-04T11:30:27.405+00:00,B_sell_A_buy,6.1382,0.2382,231.25,231.26,22.271,2.0,231.402,231.438,32.493,12.962,0.0000122055,0.0007000000,382.7,0.1
2026-09-04T11:30:27.460+00:00,B_sell_A_buy,6.1382,0.2382,231.25,231.26,22.271,2.0,231.402,231.437,32.493,0.119,0.0000122055,0.0007000000,439.4,0.1
2026-09-04T11:30:28.008+00:00,B_sell_A_buy,6.1383,0.2383,231.24,231.26,16.436,33.856,231.402,231.437,32.493,0.119,0.0000122055,0.0007000000,0.1,547.2
2026-09-04T11:30:28.008+00:00,B_sell_A_buy,6.1383,0.2383,231.24,231.26,16.436,38.18,231.402,231.437,32.493,0.119,0.0000122055,0.0007000000,0.2,547.3
2026-09-04T11:30:28.189+00:00,B_sell_A_buy,6.5706,0.6706,231.24,231.25,16.436,4.324,231.402,231.437,32.493,0.119,0.0000122055,0.0007000000,0.1,728.4
2026-09-04T11:30:28.429+00:00,B_sell_A_buy,6.5707,0.6707,231.24,231.25,16.436,4.324,231.402,231.432,32.493,0.116,0.0000122055,0.0007000000,240.1,0.1
2026-09-04T11:30:28.437+00:00,B_sell_A_buy,6.5707,0.6707,231.24,231.25,16.436,4.324,231.402,231.43,32.493,12.962,0.0000122055,0.0007000000,248.4,0.1
2026-09-04T11:30:28.729+00:00,B_sell_A_buy,6.5707,0.6707,231.24,231.25,17.085,4.324,231.402,231.43,32.493,12.962,0.0000122055,0.0007000000,0.1,291.4
2026-09-04T11:30:29.009+00:00,B_sell_A_buy,6.5707,0.6707,231.24,231.25,19.808,4.324,231.402,231.43,32.493,12.962,0.0000122055,0.0007000000,0.1,571.1
2026-09-04T11:30:29.292+00:00,B_sell_A_buy,6.0520,0.1520,231.24,231.25,19.808,4.324,231.39,231.43,1.958,12.962,0.0000122055,0.0007000000,283.8,0.1
2026-09-04T11:30:29.292+00:00,B_sell_A_buy,6.0520,0.1520,231.24,231.25,19.808,4.324,231.39,231.43,1.958,25.924,0.0000122055,0.0007000000,283.9,0.2
2026-09-04T11:30:29.312+00:00,B_sell_A_buy,6.0520,0.1520,231.24,231.25,19.808,4.324,231.39,231.429,1.958,0.114,0.0000122055,0.0007000000,304.5,0.1
2026-09-04T11:30:29.754+00:00,B_sell_A_buy,6.0520,0.1520,231.24,231.25,3.587,36.18,231.39,231.429,1.958,0.114,0.0000122055,0.0007000000,0.1,441.0
2026-09-04T11:30:29.754+00:00,B_sell_A_buy,6.0520,0.1520,231.24,231.25,0.864,36.18,231.39,231.429,1.958,0.114,0.0000122055,0.0007000000,0.2,441.1
2026-09-04T11:30:30.059+00:00,B_sell_A_buy,6.0522,0.1522,231.22,231.25,61.551,36.18,231.39,231.429,1.958,0.114,0.0000122055,0.0007000000,0.1,746.9
2026-09-04T11:30:30.452+00:00,B_sell_A_buy,6.4845,0.5845,231.23,231.24,4.325,4.325,231.39,231.429,1.958,0.114,0.0000122055,0.0007000000,0.1,1139.0
2026-09-04T11:30:30.814+00:00,B_sell_A_buy,6.4845,0.5845,231.23,231.24,7.046,4.325,231.39,231.429,1.958,0.114,0.0000122055,0.0007000000,0.1,1501.3
2026-09-04T11:30:32.445+00:00,B_sell_A_buy,6.5709,0.6709,231.23,231.24,7.046,4.325,231.392,231.429,32.493,0.114,0.0000122132,0.0007000000,1630.8,0.1
2026-09-04T11:30:43.828+00:00,B_sell_A_buy,6.5709,0.6709,231.23,231.24,22.824,4.325,231.392,231.423,32.493,0.118,0.0000122525,0.0007000000,4.9,0.1
2026-09-04T11:30:43.837+00:00,B_sell_A_buy,6.5710,0.6710,231.23,231.24,22.824,4.325,231.392,231.421,32.493,12.962,0.0000122525,0.0007000000,14.1,0.1
2026-09-04T11:30:48.231+00:00,B_sell_A_buy,6.5710,0.6710,231.23,231.24,22.824,4.059,231.392,231.42,32.493,0.117,0.0000122622,0.0007000000,0.1,1019.0
2026-09-04T11:30:50.117+00:00,B_sell_A_buy,6.5710,0.6710,231.23,231.24,22.824,4.059,231.392,231.421,32.493,12.962,0.0000122622,0.0007000000,1885.8,0.1
2026-09-04T11:30:50.120+00:00,B_sell_A_buy,6.5709,0.6709,231.23,231.24,22.824,4.059,231.392,231.429,32.493,0.114,0.0000122622,0.0007000000,1888.8,0.0
2026-09-04T11:30:50.132+00:00,B_sell_A_buy,6.5710,0.6710,231.23,231.24,22.824,4.059,231.392,231.42,32.493,1.08,0.0000122622,0.0007000000,1901.6,0.0
2026-09-04T11:30:50.226+00:00,B_sell_A_buy,6.5710,0.6710,231.23,231.24,22.824,4.059,231.392,231.418,32.493,12.962,0.0000122622,0.0007000000,1995.3,0.1
2026-09-04T11:30:51.403+00:00,B_sell_A_buy,6.3546,0.4546,231.23,231.25,57.136,4.324,231.397,231.434,2.187,0.225,0.0000122622,0.0007000000,0.0,39.2
2026-09-04T11:30:51.412+00:00,B_sell_A_buy,6.4411,0.5411,231.23,231.25,57.136,4.324,231.399,231.434,32.493,0.225,0.0000122622,0.0007000000,7.9,0.0
2026-09-04T11:30:51.446+00:00,B_sell_A_buy,6.4411,0.5411,231.23,231.25,57.136,4.324,231.399,231.432,32.493,12.962,0.0000122622,0.0007000000,42.9,0.1
2026-09-04T11:30:51.709+00:00,B_sell_A_buy,6.4410,0.5410,231.24,231.25,4.325,4.324,231.399,231.432,32.493,12.962,0.0000122622,0.0007000000,0.1,263.0
2026-09-04T11:30:51.763+00:00,B_sell_A_buy,6.4410,0.5410,231.24,231.25,19.403,4.324,231.399,231.432,32.493,12.962,0.0000122719,0.0007000000,0.1,317.0
2026-09-04T11:30:51.885+00:00,B_sell_A_buy,6.5275,0.6275,231.24,231.25,19.403,4.324,231.401,231.432,2.113,12.962,0.0000122719,0.0007000000,121.3,0.1
2026-09-04T11:30:51.898+00:00,B_sell_A_buy,6.5275,0.6275,231.24,231.25,19.403,4.324,231.401,231.431,2.113,1.08,0.0000122719,0.0007000000,134.7,0.1
2026-09-04T11:30:51.910+00:00,B_sell_A_buy,6.6139,0.7139,231.24,231.25,19.403,4.324,231.403,231.431,32.493,1.08,0.0000122719,0.0007000000,146.7,0.0
2026-09-04T11:30:52.416+00:00,B_sell_A_buy,6.6139,0.7139,231.24,231.25,22.108,4.324,231.403,231.431,32.493,1.08,0.0000122719,0.0007000000,0.1,506.3
2026-09-04T11:30:54.309+00:00,B_sell_A_buy,6.6139,0.7139,231.24,231.25,22.108,4.324,231.403,231.432,32.493,12.962,0.0000122719,0.0007000000,1892.2,0.1
2026-09-04T11:31:02.294+00:00,B_sell_A_buy,6.6137,0.7137,231.24,231.26,54.665,2.0,231.413,231.441,32.493,12.962,0.0000122912,0.0007000000,0.1,115.8
2026-09-04T11:31:02.527+00:00,B_sell_A_buy,6.6137,0.7137,231.24,231.26,54.665,6.324,231.413,231.441,32.493,12.962,0.0000122912,0.0007000000,0.1,349.5
2026-09-04T11:31:02.665+00:00,B_sell_A_buy,5.9219,0.0219,231.24,231.28,54.665,4.324,231.417,231.441,32.493,12.962,0.0000122912,0.0007000000,86.0,0.0
2026-09-04T11:31:02.693+00:00,B_sell_A_buy,5.9218,0.0218,231.25,231.28,20.492,4.324,231.417,231.441,32.493,12.962,0.0000122912,0.0007000000,0.1,28.1
2026-09-04T11:31:02.709+00:00,B_sell_A_buy,5.9651,0.0651,231.25,231.28,20.492,4.324,231.418,231.441,2.287,12.962,0.0000122912,0.0007000000,16.8,0.1
2026-09-04T11:31:02.712+00:00,B_sell_A_buy,5.9651,0.0651,231.25,231.28,22.807,13.06,231.418,231.441,2.287,12.962,0.0000122912,0.0007000000,0.1,2.1
2026-09-04T11:31:02.766+00:00,B_sell_A_buy,5.9650,0.0650,231.25,231.28,22.807,13.06,231.418,231.443,2.287,1.08,0.0000122912,0.0007000000,54.9,0.1
2026-09-04T11:31:02.771+00:00,B_sell_A_buy,6.3540,0.4540,231.25,231.28,22.807,13.06,231.427,231.443,1.938,1.08,0.0000122912,0.0007000000,59.1,0.1
2026-09-04T11:31:02.774+00:00,B_sell_A_buy,6.3972,0.4972,231.25,231.28,22.807,13.06,231.428,231.443,32.493,1.08,0.0000122912,0.0007000000,62.5,0.1
2026-09-04T11:31:02.859+00:00,B_sell_A_buy,6.4404,0.5404,231.25,231.28,22.807,13.06,231.429,231.443,1.883,1.08,0.0000122912,0.0007000000,147.5,0.1
2026-09-04T11:31:03.310+00:00,B_sell_A_buy,6.4404,0.5404,231.25,231.28,22.807,47.461,231.429,231.443,1.883,1.08,0.0000122912,0.0007000000,0.2,450.8
2026-09-04T11:31:03.310+00:00,B_sell_A_buy,6.4403,0.5403,231.27,231.28,16.166,38.725,231.429,231.443,1.883,1.08,0.0000122912,0.0007000000,0.3,451.0
2026-09-04T11:31:03.310+00:00,B_sell_A_buy,6.0080,0.1080,231.27,231.29,16.815,34.833,231.429,231.443,1.883,1.08,0.0000122912,0.0007000000,0.3,451.0
2026-09-04T11:31:03.666+00:00,B_sell_A_buy,6.0080,0.1080,231.27,231.29,21.139,39.157,231.429,231.443,1.883,1.08,0.0000122912,0.0007000000,0.1,806.3
2026-09-04T11:31:04.028+00:00,B_sell_A_buy,6.0080,0.1080,231.27,231.29,23.862,39.157,231.429,231.443,1.883,1.08,0.0000122912,0.0007000000,0.1,1169.0
2026-09-04T11:31:04.139+00:00,B_sell_A_buy,6.0079,0.1079,231.28,231.29,1.695,39.157,231.429,231.443,1.883,1.08,0.0000122912,0.0007000000,0.1,1280.1
2026-09-04T11:31:04.935+00:00,B_sell_A_buy,5.9647,0.0647,231.28,231.29,1.695,39.157,231.428,231.443,32.493,1.08,0.0000122912,0.0007000000,795.8,0.1
2026-09-04T11:31:05.790+00:00,B_sell_A_buy,6.3973,0.4973,231.26,231.27,15.709,10.221,231.418,231.443,2.197,1.201,0.0000122912,0.0007000000,0.1,371.3
2026-09-04T11:31:05.933+00:00,B_sell_A_buy,6.3973,0.4973,231.26,231.27,15.709,20.442,231.418,231.443,2.197,1.201,0.0000122912,0.0007000000,0.1,513.6
2026-09-04T11:31:05.980+00:00,B_sell_A_buy,6.3973,0.4973,231.26,231.27,15.709,30.663,231.418,231.443,2.197,1.201,0.0000122912,0.0007000000,0.1,561.0
2026-09-04T11:31:06.022+00:00,B_sell_A_buy,6.3973,0.4973,231.26,231.27,20.033,40.884,231.418,231.443,2.197,1.201,0.0000122912,0.0007000000,0.1,603.6
2026-09-04T11:31:06.040+00:00,B_sell_A_buy,6.3973,0.4973,231.26,231.27,20.033,51.105,231.418,231.443,2.197,1.201,0.0000122912,0.0007000000,0.1,621.3
2026-09-04T11:31:06.152+00:00,B_sell_A_buy,6.3973,0.4973,231.26,231.27,15.709,10.221,231.418,231.443,2.197,1.201,0.0000122912,0.0007000000,0.1,733.0
2026-09-04T11:31:06.362+00:00,B_sell_A_buy,6.3973,0.4973,231.26,231.27,15.709,4.324,231.418,231.443,2.197,1.201,0.0000122912,0.0007000000,0.1,942.5
2026-09-04T11:31:06.845+00:00,B_sell_A_buy,6.3973,0.4973,231.26,231.27,15.709,38.725,231.418,231.443,2.197,1.201,0.0000122912,0.0007000000,0.1,1425.8
2026-09-04T11:31:18.833+00:00,B_sell_A_buy,6.3973,0.4973,231.26,231.27,15.709,38.459,231.418,231.444,2.197,1.08,0.0000123096,0.0007000000,328.0,0.1
2026-09-04T11:31:18.862+00:00,B_sell_A_buy,6.3973,0.4973,231.26,231.27,15.709,38.459,231.418,231.444,2.197,1.294,0.0000123096,0.0007000000,357.4,0.1
2026-09-04T11:31:25.824+00:00,B_sell_A_buy,6.3111,0.4111,231.25,231.26,50.023,4.324,231.406,231.435,117.372,12.962,0.0000123226,0.0007000000,0.2,211.1
2026-09-04T11:31:26.028+00:00,B_sell_A_buy,6.3111,0.4111,231.25,231.26,42.463,4.324,231.406,231.435,117.372,12.962,0.0000123226,0.0007000000,0.1,415.1
2026-09-04T11:31:29.691+00:00,B_sell_A_buy,6.3111,0.4111,231.25,231.26,43.112,4.324,231.406,231.44,117.372,2.933,0.0000123327,0.0007000000,0.1,829.6
2026-09-04T11:31:29.761+00:00,B_sell_A_buy,6.3111,0.4111,231.25,231.26,43.112,4.324,231.406,231.44,117.372,1.853,0.0000123327,0.0007000000,70.5,0.1
2026-09-04T11:31:30.141+00:00,B_sell_A_buy,6.3975,0.4975,231.25,231.26,43.112,4.324,231.408,231.44,12.962,1.853,0.0000123327,0.0007000000,450.1,0.1
2026-09-04T11:31:30.647+00:00,B_sell_A_buy,5.9652,0.0652,231.25,231.27,58.777,34.833,231.408,231.44,12.962,1.853,0.0000123327,0.0007000000,0.1,507.1
2026-09-04T11:31:30.954+00:00,B_sell_A_buy,5.9652,0.0652,231.25,231.27,58.777,34.833,231.408,231.441,12.962,12.962,0.0000123327,0.0007000000,305.8,0.1
2026-09-04T11:31:30.958+00:00,B_sell_A_buy,6.0084,0.1084,231.25,231.27,58.777,34.833,231.409,231.441,2.29,12.962,0.0000123327,0.0007000000,310.4,0.0
2026-09-04T11:31:30.966+00:00,B_sell_A_buy,6.0084,0.1084,231.25,231.27,58.777,34.833,231.409,231.44,2.29,1.08,0.0000123327,0.0007000000,319.2,0.0
2026-09-04T11:31:31.062+00:00,B_sell_A_buy,6.0083,0.1083,231.26,231.27,4.324,34.833,231.409,231.44,2.29,1.08,0.0000123327,0.0007000000,0.1,94.6
2026-09-04T11:31:31.396+00:00,B_sell_A_buy,6.0948,0.1948,231.26,231.27,4.324,34.833,231.411,231.44,32.493,1.08,0.0000123327,0.0007000000,334.7,0.1
2026-09-04T11:31:31.402+00:00,B_sell_A_buy,6.0948,0.1948,231.26,231.27,21.307,34.833,231.411,231.44,32.493,1.08,0.0000123327,0.0007000000,0.1,6.9
2026-09-04T11:31:31.469+00:00,B_sell_A_buy,6.0948,0.1948,231.26,231.27,21.307,0.432,231.411,231.44,32.493,1.08,0.0000123434,0.0007000000,0.1,72.5
2026-09-04T11:31:33.346+00:00,B_sell_A_buy,6.0948,0.1948,231.26,231.27,21.307,0.432,231.411,231.44,32.493,2.958,0.0000123434,0.0007000000,1877.9,0.1
2026-09-04T11:31:36.457+00:00,B_sell_A_buy,6.3970,0.4970,231.26,231.28,21.307,34.401,231.428,231.469,1.977,121.389,0.0000123434,0.0007000000,0.0,0.1
2026-09-04T11:31:36.628+00:00,B_sell_A_buy,5.9647,0.0647,231.26,231.29,55.146,50.629,231.428,231.469,1.977,121.389,0.0000123602,0.0007000000,0.1,171.4
2026-09-04T11:31:36.849+00:00,B_sell_A_buy,5.9646,0.0646,231.27,231.29,7.634,58.565,231.428,231.469,1.977,121.389,0.0000123602,0.0007000000,0.1,392.1
2026-09-04T11:31:36.857+00:00,B_sell_A_buy,5.9646,0.0646,231.27,231.29,4.973,58.565,231.428,231.469,1.977,121.389,0.0000123602,0.0007000000,0.1,400.0
2026-09-04T11:31:37.000+00:00,B_sell_A_buy,6.3969,0.4969,231.27,231.28,4.973,4.324,231.428,231.469,1.977,121.389,0.0000123602,0.0007000000,0.1,543.6
2026-09-04T11:31:37.076+00:00,B_sell_A_buy,6.3969,0.4969,231.27,231.28,4.973,4.324,231.428,231.467,1.977,12.962,0.0000123602,0.0007000000,75.8,0.1
2026-09-04T11:31:37.192+00:00,B_sell_A_buy,5.9646,0.0646,231.27,231.29,4.973,50.565,231.428,231.467,1.977,12.962,0.0000123602,0.0007000000,0.1,116.9
2026-09-04T11:31:37.224+00:00,B_sell_A_buy,5.9646,0.0646,231.28,231.29,1.674,34.769,231.428,231.467,1.977,12.962,0.0000123602,0.0007000000,0.0,147.5
2026-09-04T11:31:37.655+00:00,B_sell_A_buy,5.9646,0.0646,231.28,231.29,1.674,39.093,231.428,231.467,1.977,12.962,0.0000123602,0.0007000000,0.1,579.1
2026-09-04T11:31:37.770+00:00,B_sell_A_buy,5.9646,0.0646,231.28,231.29,1.674,39.093,231.428,231.467,14.939,12.962,0.0000123602,0.0007000000,114.9,0.1
2026-09-04T11:31:37.773+00:00,B_sell_A_buy,5.9646,0.0646,231.28,231.29,1.674,39.093,231.428,231.467,1.977,12.962,0.0000123602,0.0007000000,118.2,0.1
2026-09-04T11:31:37.773+00:00,B_sell_A_buy,6.0510,0.1510,231.28,231.29,1.674,39.093,231.43,231.467,32.493,12.962,0.0000123602,0.0007000000,118.3,0.1
2026-09-04T11:31:37.778+00:00,B_sell_A_buy,5.9646,0.0646,231.28,231.29,1.674,39.093,231.428,231.467,1.977,12.962,0.0000123602,0.0007000000,123.2,0.0
2026-09-04T11:31:37.782+00:00,B_sell_A_buy,5.9646,0.0646,231.28,231.29,1.674,39.093,231.428,231.466,1.977,1.08,0.0000123602,0.0007000000,128.1,0.0
2026-09-04T11:31:37.813+00:00,B_sell_A_buy,5.9646,0.0646,231.28,231.29,1.674,39.093,231.428,231.466,1.977,3.043,0.0000123602,0.0007000000,157.4,0.1
2026-09-04T11:31:37.951+00:00,B_sell_A_buy,6.0510,0.1510,231.28,231.29,1.674,39.093,231.43,231.466,32.493,1.08,0.0000123602,0.0007000000,296.3,0.1
2026-09-04T11:31:37.990+00:00,B_sell_A_buy,5.9646,0.0646,231.28,231.29,1.674,39.093,231.428,231.466,1.977,1.08,0.0000123602,0.0007000000,335.1,0.1
2026-09-04T11:31:37.993+00:00,B_sell_A_buy,5.9646,0.0646,231.28,231.29,1.674,39.093,231.428,231.466,1.977,3.147,0.0000123602,0.0007000000,337.3,0.0
2026-09-04T11:31:38.009+00:00,B_sell_A_buy,6.0510,0.1510,231.28,231.29,1.674,39.093,231.43,231.466,32.493,3.147,0.0000123602,0.0007000000,353.6,0.1
2026-09-04T11:31:38.016+00:00,B_sell_A_buy,6.0942,0.1942,231.28,231.29,1.674,39.093,231.431,231.466,1.932,3.147,0.0000123602,0.0007000000,361.5,0.1
2026-09-04T11:31:38.232+00:00,B_sell_A_buy,6.0942,0.1942,231.28,231.29,1.674,39.093,231.431,231.466,1.932,1.08,0.0000123602,0.0007000000,577.1,0.1
2026-09-04T11:31:38.317+00:00,B_sell_A_buy,6.1807,0.2807,231.28,231.29,1.674,39.093,231.433,231.466,32.493,1.08,0.0000123602,0.0007000000,662.0,0.1
2026-09-04T11:31:38.324+00:00,B_sell_A_buy,6.6128,0.7128,231.28,231.29,1.674,39.093,231.443,231.466,32.493,1.08,0.0000123602,0.0007000000,668.9,0.0
2026-09-04T11:31:38.333+00:00,B_sell_A_buy,6.2671,0.3671,231.28,231.29,1.674,39.093,231.435,231.466,12.962,1.08,0.0000123602,0.0007000000,678.1,0.0
2026-09-04T11:31:38.339+00:00,B_sell_A_buy,6.1807,0.2807,231.28,231.29,1.674,39.093,231.433,231.466,32.493,1.08,0.0000123602,0.0007000000,684.2,0.1
2026-09-04T11:31:38.347+00:00,B_sell_A_buy,6.3535,0.4535,231.28,231.29,1.674,39.093,231.437,231.466,2.189,1.08,0.0000123602,0.0007000000,692.2,0.1
2026-09-04T11:31:38.413+00:00,B_sell_A_buy,6.3967,0.4967,231.28,231.29,1.674,39.093,231.438,231.466,1.949,1.08,0.0000123602,0.0007000000,758.3,0.1
2026-09-04T11:31:38.478+00:00,B_sell_A_buy,6.3967,0.4967,231.28,231.29,18.48,34.769,231.438,231.466,1.949,1.08,0.0000123602,0.0007000000,0.1,65.7
2026-09-04T11:31:38.478+00:00,B_sell_A_buy,6.3967,0.4967,231.28,231.29,1.674,4.756,231.438,231.466,1.949,1.08,0.0000123602,0.0007000000,0.2,65.8
2026-09-04T11:31:38.478+00:00,B_sell_A_buy,6.3967,0.4967,231.28,231.29,18.674,0.432,231.438,231.466,1.949,1.08,0.0000123602,0.0007000000,0.2,65.8
2026-09-04T11:31:38.479+00:00,B_sell_A_buy,6.3967,0.4967,231.28,231.29,16.857,0.432,231.438,231.466,1.949,1.08,0.0000123602,0.0007000000,0.2,65.9
2026-09-04T11:31:38.479+00:00,B_sell_A_buy,6.3967,0.4967,231.28,231.29,16.857,4.756,231.438,231.466,1.949,1.08,0.0000123602,0.0007000000,0.3,65.9
2026-09-04T11:31:38.589+00:00,B_sell_A_buy,6.3967,0.4967,231.28,231.29,16.857,0.432,231.438,231.466,1.949,1.08,0.0000123602,0.0007000000,0.1,175.9
2026-09-04T11:31:38.700+00:00,B_sell_A_buy,6.3967,0.4967,231.28,231.29,1.674,0.432,231.438,231.466,1.949,1.08,0.0000123602,0.0007000000,0.1,286.6
2026-09-04T11:31:38.700+00:00,B_sell_A_buy,5.9644,0.0644,231.28,231.3,1.674,32.239,231.438,231.466,1.949,1.08,0.0000123602,0.0007000000,0.2,286.7
2026-09-04T11:31:38.759+00:00,B_sell_A_buy,5.9644,0.0644,231.28,231.3,20.0,45.5,231.438,231.466,1.949,1.08,0.0000123602,0.0007000000,0.1,346.2
2026-09-04T11:31:39.047+00:00,B_sell_A_buy,5.9644,0.0644,231.28,231.3,20.0,49.823,231.438,231.466,1.949,1.08,0.0000123602,0.0007000000,0.1,634.3
2026-09-04T11:31:39.105+00:00,B_sell_A_buy,5.9644,0.0644,231.28,231.3,18.326,49.823,231.438,231.466,1.949,1.08,0.0000123602,0.0007000000,0.1,692.1
2026-09-04T11:31:39.455+00:00,B_sell_A_buy,5.9644,0.0644,231.29,231.3,1.674,49.823,231.438,231.466,1.949,1.08,0.0000123602,0.0007000000,0.1,1042.0
2026-09-04T11:31:42.786+00:00,B_sell_A_buy,6.0942,0.1942,231.28,231.29,0.864,10.221,231.431,231.466,1.932,3.427,0.0000123914,0.0007000000,0.1,392.8
2026-09-04T11:31:42.872+00:00,B_sell_A_buy,6.0944,0.1944,231.26,231.29,52.292,34.987,231.431,231.466,1.932,3.427,0.0000123914,0.0007000000,0.1,478.6
2026-09-04T11:31:43.003+00:00,B_sell_A_buy,6.0943,0.1943,231.27,231.29,19.237,45.208,231.431,231.466,1.932,3.427,0.0000123914,0.0007000000,0.1,608.9
2026-09-04T11:31:43.128+00:00,B_sell_A_buy,6.0943,0.1943,231.27,231.29,19.237,55.861,231.431,231.466,1.932,3.427,0.0000123914,0.0007000000,0.1,734.6
2026-09-04T11:31:43.561+00:00,B_sell_A_buy,6.0943,0.1943,231.27,231.29,19.237,0.432,231.431,231.466,1.932,3.427,0.0000123914,0.0007000000,0.1,1167.2
2026-09-04T11:31:43.561+00:00,B_sell_A_buy,6.5266,0.6266,231.27,231.28,23.561,4.324,231.431,231.466,1.932,3.427,0.0000123914,0.0007000000,0.2,1167.3
2026-09-04T11:31:43.697+00:00,B_sell_A_buy,6.0943,0.1943,231.27,231.29,23.561,4.756,231.431,231.466,1.932,3.427,0.0000123914,0.0007000000,0.1,1303.2
2026-09-04T11:31:43.778+00:00,B_sell_A_buy,6.0943,0.1943,231.27,231.29,23.561,7.41,231.431,231.466,1.932,3.427,0.0000123914,0.0007000000,0.1,1383.8
2026-09-04T11:31:43.864+00:00,B_sell_A_buy,6.0943,0.1943,231.27,231.29,4.324,13.492,231.431,231.466,1.932,3.427,0.0000123914,0.0007000000,0.1,1470.6
2026-09-04T11:31:44.268+00:00,B_sell_A_buy,6.0943,0.1943,231.27,231.29,4.324,47.761,231.431,231.466,1.932,3.427,0.0000123914,0.0007000000,0.1,1874.3
2026-09-04T11:31:47.691+00:00,B_sell_A_buy,5.9646,0.0646,231.28,231.29,1.666,55.761,231.428,231.466,1.977,3.427,0.0000124061,0.0007000000,1997.7,0.1
2026-09-04T11:31:47.943+00:00,B_sell_A_buy,5.9646,0.0646,231.28,231.29,1.666,55.496,231.428,231.465,1.977,2.272,0.0000124061,0.0007000000,0.1,232.9
2026-09-04T11:31:48.689+00:00,B_sell_A_buy,5.9646,0.0646,231.28,231.29,1.666,47.496,231.428,231.465,1.977,2.272,0.0000124061,0.0007000000,0.1,978.9
2026-09-04T11:31:48.705+00:00,B_sell_A_buy,5.9646,0.0646,231.28,231.29,1.666,47.496,231.428,231.46,1.977,2.008,0.0000124061,0.0007000000,15.9,0.1
2026-09-04T11:31:48.713+00:00,B_sell_A_buy,5.9646,0.0646,231.28,231.29,1.666,47.496,231.428,231.458,1.977,12.962,0.0000124061,0.0007000000,24.5,0.1
2026-09-04T11:31:48.725+00:00,B_sell_A_buy,5.9646,0.0646,231.28,231.29,1.666,47.496,231.428,231.46,1.977,2.008,0.0000124061,0.0007000000,35.4,0.1
2026-09-04T11:31:48.832+00:00,B_sell_A_buy,5.9646,0.0646,231.28,231.29,1.666,47.496,231.428,231.458,1.977,12.962,0.0000124061,0.0007000000,142.7,0.1
2026-09-04T11:31:48.838+00:00,B_sell_A_buy,5.9646,0.0646,231.28,231.29,1.666,47.496,231.428,231.46,1.977,2.008,0.0000124061,0.0007000000,149.0,0.1
2026-09-04T11:31:48.952+00:00,B_sell_A_buy,5.9646,0.0646,231.28,231.29,1.666,47.496,231.428,231.46,1.977,14.97,0.0000124061,0.0007000000,262.7,0.1
2026-09-04T11:31:48.952+00:00,B_sell_A_buy,5.9646,0.0646,231.28,231.29,1.666,47.496,231.428,231.458,1.977,12.962,0.0000124061,0.0007000000,262.8,0.2
2026-09-04T11:31:48.952+00:00,B_sell_A_buy,5.9646,0.0646,231.28,231.29,1.666,47.496,231.428,231.46,1.977,2.008,0.0000124061,0.0007000000,262.9,0.2
2026-09-04T11:31:49.051+00:00,B_sell_A_buy,5.9646,0.0646,231.28,231.29,1.666,47.496,231.428,231.46,1.977,14.97,0.0000124061,0.0007000000,362.8,0.1
2026-09-04T11:31:49.057+00:00,B_sell_A_buy,5.9646,0.0646,231.28,231.29,1.666,47.496,231.428,231.458,1.977,12.962,0.0000124061,0.0007000000,368.1,0.1
2026-09-04T11:31:52.149+00:00,B_sell_A_buy,5.9214,0.0214,231.28,231.29,19.94,38.76,231.427,231.463,2.216,12.962,0.0000124211,0.0007000000,0.1,331.4
2026-09-04T11:31:52.221+00:00,B_sell_A_buy,5.9214,0.0214,231.28,231.29,19.94,38.76,231.427,231.463,2.216,25.924,0.0000124211,0.0007000000,71.3,0.1
2026-09-04T11:31:52.226+00:00,B_sell_A_buy,5.9214,0.0214,231.28,231.29,19.94,38.76,231.427,231.463,2.216,12.962,0.0000124211,0.0007000000,76.6,0.1
2026-09-04T11:31:52.240+00:00,B_sell_A_buy,5.9214,0.0214,231.28,231.29,19.94,38.76,231.427,231.466,2.216,2.347,0.0000124211,0.0007000000,91.0,0.1
2026-09-04T11:31:52.343+00:00,B_sell_A_buy,6.0942,0.1942,231.28,231.29,19.94,38.76,231.431,231.466,2.163,2.347,0.0000124211,0.0007000000,193.2,0.1
2026-09-04T11:31:52.351+00:00,B_sell_A_buy,6.0942,0.1942,231.28,231.29,19.94,38.76,231.431,231.464,2.163,12.962,0.0000124211,0.0007000000,201.5,0.1
2026-09-04T11:31:52.491+00:00,B_sell_A_buy,6.1807,0.2807,231.28,231.29,19.94,38.76,231.433,231.464,32.493,12.962,0.0000124211,0.0007000000,341.4,0.1
2026-09-04T11:31:52.568+00:00,B_sell_A_buy,6.2239,0.3239,231.28,231.29,19.94,38.76,231.434,231.464,1.929,12.962,0.0000124211,0.0007000000,418.7,0.1
2026-09-04T11:31:52.672+00:00,B_sell_A_buy,6.2239,0.3239,231.28,231.29,1.666,4.491,231.434,231.464,1.929,12.962,0.0000124211,0.0007000000,0.1,104.1
2026-09-04T11:31:52.795+00:00,B_sell_A_buy,6.2238,0.3238,231.28,231.29,1.666,4.491,231.434,231.474,1.929,0.225,0.0000124211,0.0007000000,122.7,0.1
2026-09-04T11:31:52.860+00:00,B_sell_A_buy,6.2238,0.3238,231.28,231.29,1.666,4.491,231.434,231.474,1.929,2.119,0.0000124211,0.0007000000,187.7,0.1
2026-09-04T11:31:52.901+00:00,B_sell_A_buy,6.2238,0.3238,231.28,231.29,1.666,4.491,231.434,231.472,1.929,12.962,0.0000124211,0.0007000000,228.9,0.1
2026-09-04T11:31:52.979+00:00,B_sell_A_buy,6.2238,0.3238,231.28,231.29,16.992,0.167,231.434,231.472,1.929,12.962,0.0000124211,0.0007000000,0.1,77.6
2026-09-04T11:31:53.218+00:00,B_sell_A_buy,6.2238,0.3238,231.28,231.29,16.992,0.167,231.434,231.472,1.929,25.924,0.0000124211,0.0007000000,239.8,0.1
2026-09-04T11:31:53.704+00:00,B_sell_A_buy,6.2238,0.3238,231.28,231.29,4.388,0.167,231.434,231.472,1.929,25.924,0.0000124211,0.0007000000,0.1,485.5
2026-09-04T11:31:53.704+00:00,B_sell_A_buy,6.2238,0.3238,231.28,231.29,1.666,4.491,231.434,231.472,1.929,25.924,0.0000124211,0.0007000000,0.2,485.6
2026-09-04T11:31:54.297+00:00,B_sell_A_buy,6.2238,0.3238,231.28,231.29,1.666,38.295,231.434,231.472,1.929,25.924,0.0000124211,0.0007000000,0.1,1079.2
