ts_utc,sell_venue,buy_venue,gross_bps,net_bps,sell_bid,sell_bid_size,buy_ask,buy_ask_size,sell_ask,buy_bid,funding_sell,funding_buy,age_sell_ms,age_buy_ms
2026-09-14T08:37:15.663+00:00,HL,ASTER,-13.4930,-20.2930,1555.4,45.257,1557.5,0.24,1555.5,1557.06,0.0000062500,,0.3,65.3
2026-09-14T08:37:15.663+00:00,ASTER,HL,10.0234,3.2234,1557.06,3.04,1555.5,2.808,1557.5,1555.4,,0.0000062500,65.3,0.3
2026-09-14T08:37:15.663+00:00,HL,ENTROPY,1.9290,-4.8710,1555.4,45.257,1555.1,0.0077,1555.5,1555.0,0.0000062500,0.0000017048,0.6,0.6
2026-09-14T08:37:15.663+00:00,ENTROPY,HL,-3.2149,-10.0149,1555.0,0.2149,1555.5,2.808,1555.1,1555.4,0.0000017048,0.0000062500,0.6,0.6
2026-09-14T08:37:15.663+00:00,ENTROPY,ASTER,-16.0651,-22.8651,1555.0,0.2149,1557.5,0.24,1555.1,1557.06,0.0000017048,,0.6,65.6
2026-09-14T08:37:15.663+00:00,ASTER,ENTROPY,12.5951,5.7951,1557.06,3.04,1555.1,0.0077,1557.5,1555.0,,0.0000017048,65.6,0.6
2026-09-14T08:37:16.705+00:00,HL,ENTROPY,0.0000,-6.8000,1555.6,19.18,1555.6,0.012,1555.7,1555.5,0.0000062500,0.0000017259,0.2,349.1
2026-09-14T08:37:16.705+00:00,HL,ASTER,-11.2442,-18.0442,1555.6,19.18,1557.35,2.62,1555.7,1556.8,0.0000062500,0.0003250100,0.2,47.0
2026-09-14T08:37:16.705+00:00,ENTROPY,HL,-1.2857,-8.0857,1555.5,0.2749,1555.7,0.041,1555.6,1555.6,0.0000017259,0.0000062500,349.1,0.2
2026-09-14T08:37:16.705+00:00,ASTER,HL,7.0678,0.2678,1556.8,0.78,1555.7,0.041,1557.35,1555.6,0.0003250100,0.0000062500,47.0,0.2
2026-09-14T08:37:16.736+00:00,ENTROPY,ASTER,-11.8871,-18.6871,1555.5,0.2749,1557.35,1.31,1555.6,1556.8,0.0000017259,0.0003250100,380.4,0.2
2026-09-14T08:37:16.736+00:00,ASTER,ENTROPY,7.7105,0.9105,1556.8,0.78,1555.6,0.012,1557.35,1555.5,0.0003250100,0.0000017259,0.2,380.4
2026-09-14T08:37:17.769+00:00,HL,ENTROPY,-3.2148,-10.0148,1555.1,2.976,1555.6,1.4606,1555.4,1555.1,0.0000062500,0.0000017259,0.3,94.0
2026-09-14T08:37:17.769+00:00,HL,ASTER,-13.2378,-20.0378,1555.1,2.976,1557.16,0.04,1555.4,1556.96,0.0000062500,0.0003250100,0.3,71.8
2026-09-14T08:37:17.769+00:00,ENTROPY,HL,-1.9289,-8.7289,1555.1,0.3132,1555.4,12.993,1555.6,1555.1,0.0000017259,0.0000062500,94.0,0.3
2026-09-14T08:37:17.769+00:00,ASTER,HL,10.0247,3.2247,1556.96,3.04,1555.4,12.993,1557.16,1555.1,0.0003250100,0.0000062500,71.8,0.3
2026-09-14T08:37:17.846+00:00,ENTROPY,ASTER,-13.2375,-20.0375,1555.1,0.3132,1557.16,0.04,1555.5,1556.96,0.0000017259,0.0003250100,0.3,148.6
2026-09-14T08:37:17.846+00:00,ASTER,ENTROPY,9.3819,2.5819,1556.96,3.04,1555.5,0.3073,1557.16,1555.1,0.0003250100,0.0000017259,148.6,0.3
2026-09-14T08:37:18.847+00:00,HL,ENTROPY,-1.9286,-8.7286,1555.4,31.448,1555.7,0.2128,1555.5,1555.5,0.0000062500,0.0000017259,0.3,189.5
2026-09-14T08:37:18.847+00:00,HL,ASTER,-12.4652,-19.2652,1555.4,31.448,1557.34,0.04,1555.5,1557.09,0.0000062500,0.0003250100,0.3,555.3
2026-09-14T08:37:18.847+00:00,ENTROPY,HL,0.0000,-6.8000,1555.5,0.1806,1555.5,21.735,1555.7,1555.4,0.0000017259,0.0000062500,189.5,0.3
2026-09-14T08:37:18.847+00:00,ASTER,HL,10.2163,3.4163,1557.09,3.04,1555.5,21.735,1557.34,1555.4,0.0003250100,0.0000062500,555.3,0.3
2026-09-14T08:37:18.847+00:00,ENTROPY,ASTER,-11.8219,-18.6219,1555.5,0.1806,1557.34,0.04,1555.8,1557.09,0.0000017259,0.0003250100,0.5,555.6
2026-09-14T08:37:18.847+00:00,ASTER,ENTROPY,8.2882,1.4882,1557.09,3.04,1555.8,0.218,1557.34,1555.5,0.0003250100,0.0000017259,555.6,0.5
2026-09-14T08:37:19.909+00:00,HL,ENTROPY,-1.9285,-8.7285,1555.5,2.966,1555.8,0.1705,1555.6,1555.7,0.0000062500,0.0000017259,0.3,238.8
2026-09-14T08:37:19.909+00:00,HL,ASTER,-12.6575,-19.4575,1555.5,2.966,1557.47,0.28,1555.6,1556.99,0.0000062500,0.0003250100,0.3,121.3
2026-09-14T08:37:19.909+00:00,ENTROPY,HL,0.6428,-6.1572,1555.7,0.2026,1555.6,8.253,1555.8,1555.5,0.0000017259,0.0000062500,238.8,0.3
2026-09-14T08:37:19.909+00:00,ASTER,HL,8.9309,2.1309,1556.99,3.04,1555.6,8.253,1557.47,1555.5,0.0003250100,0.0000062500,121.3,0.3
2026-09-14T08:37:19.926+00:00,ENTROPY,ASTER,-11.3720,-18.1720,1555.7,0.2026,1557.47,0.28,1555.8,1556.84,0.0000017259,0.0003250100,255.9,0.2
2026-09-14T08:37:19.926+00:00,ASTER,ENTROPY,6.6819,-0.1181,1556.84,38.03,1555.8,0.1705,1557.47,1555.7,0.0003250100,0.0000017259,0.2,255.9
2026-09-14T08:37:20.951+00:00,HL,ASTER,-14.7772,-21.5772,1555.4,30.615,1557.7,0.04,1555.6,1557.1,0.0000062500,0.0003250100,82.4,0.2
2026-09-14T08:37:20.951+00:00,ENTROPY,ASTER,-14.1340,-20.9340,1555.5,0.2551,1557.7,0.04,1555.8,1557.1,0.0000017259,0.0003250100,82.3,0.2
2026-09-14T08:37:20.951+00:00,ASTER,HL,9.6373,2.8373,1557.1,52.86,1555.6,8.966,1557.7,1555.4,0.0003250100,0.0000062500,0.2,82.4
2026-09-14T08:37:20.951+00:00,ASTER,ENTROPY,8.3519,1.5519,1557.1,52.86,1555.8,0.1825,1557.7,1555.5,0.0003250100,0.0000017259,0.2,82.3
2026-09-14T08:37:21.020+00:00,HL,ENTROPY,-1.9285,-8.7285,1555.5,4.797,1555.8,0.1825,1555.6,1555.5,0.0000062500,0.0000017259,0.2,151.1
2026-09-14T08:37:21.020+00:00,ENTROPY,HL,-0.6428,-7.4428,1555.5,0.2551,1555.6,5.522,1555.8,1555.5,0.0000017259,0.0000062500,151.1,0.2
2026-09-14T08:37:22.041+00:00,HL,ASTER,-13.4886,-20.2886,1555.9,2.472,1558.0,0.24,1556.0,1557.6,0.0000062500,0.0003250100,147.2,0.7
2026-09-14T08:37:22.041+00:00,ENTROPY,ASTER,-12.8456,-19.6456,1556.0,0.1875,1558.0,0.24,1556.2,1557.6,0.0000017363,0.0003250100,287.4,0.7
2026-09-14T08:37:22.041+00:00,ASTER,HL,10.2770,3.4770,1557.6,3.04,1556.0,28.691,1558.0,1555.9,0.0003250100,0.0000062500,0.7,147.2
2026-09-14T08:37:22.041+00:00,ASTER,ENTROPY,8.9919,2.1919,1557.6,3.04,1556.2,1.2635,1558.0,1556.0,0.0003250100,0.0000017363,0.7,287.4
2026-09-14T08:37:22.093+00:00,HL,ENTROPY,-1.9280,-8.7280,1555.9,2.472,1556.2,1.2635,1556.0,1556.0,0.0000062500,0.0000017363,0.3,339.5
2026-09-14T08:37:22.093+00:00,ENTROPY,HL,0.0000,-6.8000,1556.0,0.1875,1556.0,4.755,1556.2,1555.9,0.0000017363,0.0000062500,339.5,0.3
2026-09-14T08:37:23.091+00:00,HL,ASTER,-13.2323,-20.0323,1555.9,2.981,1557.96,0.22,1556.0,1557.33,0.0000062500,0.0003250100,511.3,0.2
2026-09-14T08:37:23.091+00:00,ENTROPY,ASTER,-12.5891,-19.3891,1556.0,0.1875,1557.96,0.22,1556.3,1557.33,0.0000017363,0.0003250100,366.4,0.2
2026-09-14T08:37:23.091+00:00,ASTER,HL,8.5432,1.7432,1557.33,43.66,1556.0,0.964,1557.96,1555.9,0.0003250100,0.0000062500,0.2,511.3
2026-09-14T08:37:23.091+00:00,ASTER,ENTROPY,6.6157,-0.1843,1557.33,43.66,1556.3,1.4328,1557.96,1556.0,0.0003250100,0.0000017363,0.2,366.4
2026-09-14T08:37:23.135+00:00,HL,ENTROPY,-2.5706,-9.3706,1555.9,2.981,1556.3,1.4328,1556.0,1556.0,0.0000062500,0.0000017363,1.4,410.4
2026-09-14T08:37:23.135+00:00,ENTROPY,HL,0.0000,-6.8000,1556.0,0.1875,1556.0,0.925,1556.3,1555.9,0.0000017363,0.0000062500,410.4,1.4
2026-09-14T08:37:24.091+00:00,HL,ASTER,-12.0764,-18.8764,1555.9,2.114,1557.78,10.16,1556.0,1557.33,0.0000062500,0.0003250100,95.8,0.2
2026-09-14T08:37:24.091+00:00,ENTROPY,ASTER,-11.4333,-18.2333,1556.0,0.0077,1557.78,10.16,1556.3,1557.33,0.0000017363,0.0003250100,95.8,0.2
2026-09-14T08:37:24.091+00:00,ASTER,HL,8.5434,1.7434,1557.33,0.64,1556.0,30.383,1557.78,1555.9,0.0003250100,0.0000062500,0.2,95.8
2026-09-14T08:37:24.091+00:00,ASTER,ENTROPY,6.6159,-0.1841,1557.33,0.64,1556.3,1.4328,1557.78,1556.0,0.0003250100,0.0000017363,0.2,95.8
2026-09-14T08:37:24.190+00:00,HL,ENTROPY,-3.8562,-10.6562,1555.7,2.981,1556.3,1.4328,1555.8,1556.0,0.0000062500,0.0000017363,0.3,193.7
2026-09-14T08:37:24.190+00:00,ENTROPY,HL,1.2854,-5.5146,1556.0,0.0077,1555.8,38.194,1556.3,1555.7,0.0000017363,0.0000062500,193.7,0.3
2026-09-14T08:37:25.098+00:00,HL,ASTER,-13.4886,-20.2886,1555.9,40.078,1558.0,0.21,1556.0,1557.59,0.0000062500,0.0003250100,0.2,307.1
2026-09-14T08:37:25.098+00:00,ASTER,HL,10.2128,3.4128,1557.59,3.04,1556.0,21.735,1558.0,1555.9,0.0003250100,0.0000062500,307.1,0.2
2026-09-14T08:37:25.237+00:00,ENTROPY,ASTER,-12.8458,-19.6458,1556.0,0.2167,1558.0,0.21,1556.3,1557.42,0.0000017363,0.0003250100,263.9,0.2
2026-09-14T08:37:25.237+00:00,ASTER,ENTROPY,7.1936,0.3936,1557.42,0.78,1556.3,1.4437,1558.0,1556.0,0.0003250100,0.0000017363,0.2,263.9
2026-09-14T08:37:25.328+00:00,HL,ENTROPY,-2.5706,-9.3706,1555.9,61.37,1556.3,1.4437,1556.0,1556.0,0.0000062500,0.0000017363,0.2,354.8
2026-09-14T08:37:25.328+00:00,ENTROPY,HL,0.0000,-6.8000,1556.0,0.2167,1556.0,21.735,1556.3,1555.9,0.0000017363,0.0000062500,354.8,0.2
2026-09-14T08:37:26.119+00:00,HL,ASTER,-12.7191,-19.5191,1555.8,30.607,1557.78,0.23,1555.9,1557.36,0.0000062500,0.0003250100,0.3,125.5
2026-09-14T08:37:26.119+00:00,ASTER,HL,9.3788,2.5788,1557.36,0.64,1555.9,0.309,1557.78,1555.8,0.0003250100,0.0000062500,125.5,0.3
2026-09-14T08:37:26.282+00:00,ENTROPY,ASTER,-10.1486,-16.9486,1556.2,0.0077,1557.78,0.23,1556.3,1557.15,0.0000017363,0.0003250100,164.1,0.2
2026-09-14T08:37:26.282+00:00,ASTER,ENTROPY,5.4597,-1.3403,1557.15,2.78,1556.3,2.0194,1557.78,1556.2,0.0003250100,0.0000017363,0.2,164.1
2026-09-14T08:37:26.394+00:00,HL,ENTROPY,-3.8560,-10.6560,1555.7,2.943,1556.3,2.0194,1555.8,1556.2,0.0000062500,0.0000017363,0.3,275.3
2026-09-14T08:37:26.394+00:00,ENTROPY,HL,2.5707,-4.2293,1556.2,0.0077,1555.8,18.33,1556.3,1555.7,0.0000017363,0.0000062500,275.3,0.3
2026-09-14T08:37:27.144+00:00,HL,ASTER,-13.4262,-20.2262,1555.7,52.912,1557.79,38.26,1555.8,1557.36,0.0000062500,0.0003250100,49.3,0.1
2026-09-14T08:37:27.144+00:00,ASTER,HL,10.0214,3.2214,1557.36,3.04,1555.8,30.422,1557.79,1555.7,0.0003250100,0.0000062500,0.1,49.3
2026-09-14T08:37:27.288+00:00,ENTROPY,ASTER,-11.4340,-18.2340,1556.0,0.1511,1557.78,33.06,1556.1,1557.14,0.0000017300,0.0003250100,245.3,0.1
2026-09-14T08:37:27.288+00:00,ASTER,ENTROPY,6.6806,-0.1194,1557.14,4.02,1556.1,0.3638,1557.78,1556.0,0.0003250100,0.0000017300,0.1,245.3
2026-09-14T08:37:27.532+00:00,HL,ENTROPY,-2.5709,-9.3709,1555.7,53.712,1556.1,0.1792,1555.8,1556.0,0.0000062500,0.0000017300,0.3,232.1
2026-09-14T08:37:27.532+00:00,ENTROPY,HL,1.2854,-5.5146,1556.0,0.1511,1555.8,30.422,1556.1,1555.7,0.0000017300,0.0000062500,232.1,0.3
2026-09-14T08:37:28.151+00:00,HL,ASTER,-13.1041,-19.9041,1555.8,0.643,1557.84,0.04,1555.9,1557.51,0.0000062500,0.0003250100,0.2,504.3
2026-09-14T08:37:28.151+00:00,ASTER,HL,10.3420,3.5420,1557.51,3.04,1555.9,0.964,1557.84,1555.8,0.0003250100,0.0000062500,504.3,0.2
2026-09-14T08:37:28.301+00:00,ENTROPY,ASTER,-11.3058,-18.1058,1556.0,0.1769,1557.76,0.23,1556.1,1557.05,0.0000017300,0.0003250100,0.3,53.9
2026-09-14T08:37:28.301+00:00,ASTER,ENTROPY,6.1025,-0.6975,1557.05,0.64,1556.1,0.0469,1557.76,1556.0,0.0003250100,0.0000017300,53.9,0.3
2026-09-14T08:37:28.639+00:00,HL,ENTROPY,-2.5709,-9.3709,1555.7,50.0,1556.1,0.0469,1555.9,1555.8,0.0000062500,0.0000017300,0.2,290.2
2026-09-14T08:37:28.639+00:00,ENTROPY,HL,-0.6427,-7.4427,1555.8,0.4189,1555.9,4.457,1556.1,1555.7,0.0000017300,0.0000062500,290.2,0.2
2026-09-14T08:37:29.186+00:00,HL,ASTER,-10.4085,-17.2085,1555.7,50.0,1557.32,2.56,1555.8,1556.84,0.0000062500,0.0003250100,153.1,0.2
2026-09-14T08:37:29.186+00:00,ASTER,HL,6.6820,-0.1180,1556.84,3.04,1555.8,217.897,1557.32,1555.7,0.0003250100,0.0000062500,0.2,153.1
2026-09-14T08:37:29.387+00:00,ENTROPY,ASTER,-11.1153,-17.9153,1555.6,0.0077,1557.33,0.04,1555.9,1556.8,0.0000017300,0.0003250100,87.2,0.3
2026-09-14T08:37:29.387+00:00,ASTER,ENTROPY,5.7825,-1.0175,1556.8,0.78,1555.9,1.9958,1557.33,1555.6,0.0003250100,0.0000017300,0.3,87.2
2026-09-14T08:37:29.653+00:00,HL,ENTROPY,-2.5715,-9.3715,1555.3,13.515,1555.7,1.2635,1555.4,1555.6,0.0000062500,0.0000017300,0.2,241.7
2026-09-14T08:37:29.653+00:00,ENTROPY,HL,1.2858,-5.5142,1555.6,0.0077,1555.4,1.728,1555.7,1555.3,0.0000017300,0.0000062500,241.7,0.2
2026-09-14T08:37:30.194+00:00,HL,ASTER,-13.0443,-19.8443,1555.3,2.701,1557.33,2.2,1555.4,1556.89,0.0000062500,0.0003250100,124.5,0.3
2026-09-14T08:37:30.194+00:00,ASTER,HL,9.5744,2.7744,1556.89,3.04,1555.4,24.936,1557.33,1555.3,0.0003250100,0.0000062500,0.3,124.5
2026-09-14T08:37:30.390+00:00,ENTROPY,ASTER,-12.9797,-19.7797,1555.3,3.5519,1557.32,0.23,1555.6,1556.89,0.0000017300,0.0003250100,0.3,103.0
2026-09-14T08:37:30.390+00:00,ASTER,ENTROPY,8.2890,1.4890,1556.89,3.04,1555.6,0.2362,1557.32,1555.3,0.0003250100,0.0000017300,103.0,0.3
2026-09-14T08:37:30.702+00:00,HL,ENTROPY,-2.5717,-9.3717,1555.2,0.641,1555.6,0.2362,1555.4,1555.3,0.0000062500,0.0000017300,0.3,257.3
2026-09-14T08:37:30.702+00:00,ENTROPY,HL,-0.6429,-7.4429,1555.3,2.336,1555.4,27.326,1555.6,1555.2,0.0000017300,0.0000062500,257.3,0.3
2026-09-14T08:37:31.292+00:00,HL,ASTER,-12.9801,-19.7801,1555.3,0.838,1557.32,0.21,1555.4,1556.88,0.0000062500,0.0003250100,197.9,0.2
2026-09-14T08:37:31.292+00:00,ASTER,HL,9.5102,2.7102,1556.88,3.04,1555.4,26.263,1557.32,1555.3,0.0003250100,0.0000062500,0.2,197.9
2026-09-14T08:37:31.392+00:00,ENTROPY,ASTER,-12.3373,-19.1373,1555.4,0.1654,1557.32,0.21,1555.6,1556.69,0.0000017300,0.0003250100,58.8,0.1
2026-09-14T08:37:31.392+00:00,ASTER,ENTROPY,7.0040,0.2040,1556.69,1.99,1555.6,0.1659,1557.32,1555.4,0.0003250100,0.0000017300,0.1,58.8
2026-09-14T08:37:31.714+00:00,HL,ENTROPY,-3.2148,-10.0148,1555.1,36.941,1555.6,0.2647,1555.3,1555.3,0.0000062500,0.0000017300,0.3,170.9
2026-09-14T08:37:31.714+00:00,ENTROPY,HL,0.0000,-6.8000,1555.3,2.336,1555.3,0.041,1555.6,1555.1,0.0000017300,0.0000062500,170.9,0.3
2026-09-14T08:37:32.308+00:00,HL,ASTER,-13.3672,-20.1672,1555.1,4.641,1557.18,4.86,1555.2,1556.7,0.0000062500,0.0003250100,0.2,17.0
2026-09-14T08:37:32.308+00:00,ASTER,HL,9.6398,2.8398,1556.7,3.04,1555.2,27.802,1557.18,1555.1,0.0003250100,0.0000062500,17.0,0.2
2026-09-14T08:37:32.432+00:00,ENTROPY,ASTER,-12.0804,-18.8804,1555.3,2.336,1557.18,0.04,1555.6,1556.88,0.0000017113,0.0003250100,367.1,0.2
2026-09-14T08:37:32.432+00:00,ASTER,ENTROPY,8.2250,1.4250,1556.88,3.04,1555.6,0.3116,1557.18,1555.3,0.0003250100,0.0000017113,0.2,367.1
2026-09-14T08:37:32.768+00:00,HL,ENTROPY,-3.2148,-10.0148,1555.1,37.95,1555.6,0.3116,1555.3,1555.3,0.0000062500,0.0000017113,0.3,702.7
2026-09-14T08:37:32.768+00:00,ENTROPY,HL,0.0000,-6.8000,1555.3,2.336,1555.3,2.037,1555.6,1555.1,0.0000017113,0.0000062500,702.7,0.3
2026-09-14T08:37:33.425+00:00,HL,ASTER,-12.7240,-19.5240,1555.2,0.643,1557.18,0.04,1555.3,1556.79,0.0000062500,0.0003250100,123.9,0.2
2026-09-14T08:37:33.425+00:00,ASTER,HL,9.5751,2.7751,1556.79,0.78,1555.3,0.965,1557.18,1555.2,0.0003250100,0.0000062500,0.2,123.9
2026-09-14T08:37:33.440+00:00,ENTROPY,ASTER,-12.0804,-18.8804,1555.3,2.336,1557.18,0.04,1555.6,1556.88,0.0000017113,0.0003250100,139.1,0.2
2026-09-14T08:37:33.440+00:00,ASTER,ENTROPY,8.2250,1.4250,1556.88,3.04,1555.6,0.3116,1557.18,1555.3,0.0003250100,0.0000017113,0.2,139.1
2026-09-14T08:37:33.970+00:00,HL,ENTROPY,-3.2148,-10.0148,1555.1,35.896,1555.6,0.3244,1555.3,1555.3,0.0000062500,0.0000017113,0.3,343.9
2026-09-14T08:37:33.970+00:00,ENTROPY,HL,0.0000,-6.8000,1555.3,2.4995,1555.3,2.293,1555.6,1555.1,0.0000017113,0.0000062500,343.9,0.3
2026-09-14T08:37:34.469+00:00,HL,ASTER,-12.8538,-19.6538,1555.0,3.779,1557.0,0.04,1555.2,1556.62,0.0000062500,0.0003250100,0.3,567.5
2026-09-14T08:37:34.469+00:00,ASTER,HL,9.1262,2.3262,1556.62,3.04,1555.2,32.144,1557.0,1555.0,0.0003250100,0.0000062500,567.5,0.3
2026-09-14T08:37:34.727+00:00,ENTROPY,ASTER,-11.5677,-18.3677,1555.2,2.3854,1557.0,0.04,1555.4,1556.62,0.0000017113,0.0003250100,0.4,825.7
2026-09-14T08:37:34.727+00:00,ASTER,ENTROPY,7.8403,1.0403,1556.62,3.04,1555.4,0.7283,1557.0,1555.2,0.0003250100,0.0000017113,825.7,0.4
2026-09-14T08:37:35.091+00:00,HL,ENTROPY,-1.9291,-8.7291,1555.0,3.779,1555.3,0.1708,1555.1,1555.2,0.0000062500,0.0000017113,0.2,299.5
2026-09-14T08:37:35.091+00:00,ENTROPY,HL,0.6430,-6.1570,1555.2,2.3854,1555.1,1.965,1555.3,1555.0,0.0000017113,0.0000062500,299.5,0.2
2026-09-14T08:37:35.499+00:00,HL,ASTER,-11.6338,-18.4338,1555.0,2.955,1556.81,0.27,1555.1,1556.32,0.0000062500,0.0003250100,34.6,0.2
2026-09-14T08:37:35.499+00:00,ASTER,HL,7.8416,1.0416,1556.32,3.04,1555.1,4.308,1556.81,1555.0,0.0003250100,0.0000062500,0.2,34.6
2026-09-14T08:37:35.743+00:00,ENTROPY,ASTER,-10.9905,-17.7905,1555.1,0.041,1556.81,47.79,1555.3,1556.32,0.0000017113,0.0003250100,101.2,0.2
2026-09-14T08:37:35.743+00:00,ASTER,ENTROPY,6.5558,-0.2442,1556.32,3.04,1555.3,1.4422,1556.81,1555.1,0.0003250100,0.0000017113,0.2,101.2
2026-09-14T08:37:36.117+00:00,HL,ENTROPY,-3.8586,-10.6586,1554.6,14.796,1555.2,0.3596,1555.0,1555.1,0.0000062500,0.0000017113,0.2,78.7
2026-09-14T08:37:36.117+00:00,ENTROPY,HL,0.6431,-6.1569,1555.1,0.041,1555.0,59.386,1555.2,1554.6,0.0000017113,0.0000062500,78.7,0.2
2026-09-14T08:37:36.531+00:00,HL,ASTER,-13.3717,-20.1717,1554.6,0.843,1556.68,0.04,1554.7,1556.12,0.0000062500,0.0003250100,0.3,54.6
2026-09-14T08:37:36.531+00:00,ASTER,HL,9.1288,2.3288,1556.12,37.87,1554.7,0.309,1556.68,1554.6,0.0003250100,0.0000062500,54.6,0.3
2026-09-14T08:37:36.776+00:00,ENTROPY,ASTER,-13.3705,-20.1705,1554.6,2.3177,1556.68,0.04,1555.2,1556.17,0.0000017113,0.0003250100,73.4,0.2
2026-09-14T08:37:36.776+00:00,ASTER,ENTROPY,6.2353,-0.5647,1556.17,8.62,1555.2,0.7494,1556.68,1554.6,0.0003250100,0.0000017113,0.2,73.4
2026-09-14T08:37:37.150+00:00,HL,ENTROPY,-1.9295,-8.7295,1554.7,3.304,1555.0,0.1688,1554.8,1554.7,0.0000062500,0.0000016861,0.2,51.1
2026-09-14T08:37:37.150+00:00,ENTROPY,HL,-0.6432,-7.4432,1554.7,1.5636,1554.8,1.965,1555.0,1554.7,0.0000016861,0.0000062500,51.1,0.2
2026-09-14T08:37:37.534+00:00,HL,ASTER,-12.7283,-19.5283,1554.7,3.704,1556.68,0.04,1554.8,1556.17,0.0000062500,0.0003250100,152.1,0.2
2026-09-14T08:37:37.534+00:00,ASTER,HL,8.8070,2.0070,1556.17,41.38,1554.8,23.948,1556.68,1554.7,0.0003250100,0.0000062500,0.2,152.1
2026-09-14T08:37:37.828+00:00,ENTROPY,ASTER,-12.9194,-19.7194,1554.8,0.2293,1556.81,0.04,1555.1,1556.51,0.0000016861,0.0003250100,0.5,131.6
2026-09-14T08:37:37.828+00:00,ASTER,ENTROPY,9.0628,2.2628,1556.51,3.04,1555.1,0.0128,1556.81,1554.8,0.0003250100,0.0000016861,131.6,0.5
2026-09-14T08:37:38.323+00:00,HL,ENTROPY,-1.2861,-8.0861,1554.9,105.771,1555.1,0.0128,1555.2,1555.0,0.0000062500,0.0000016861,0.2,186.2
2026-09-14T08:37:38.323+00:00,ENTROPY,HL,-1.2861,-8.0861,1555.0,1.4886,1555.2,26.083,1555.1,1554.9,0.0000016861,0.0000062500,186.2,0.2
2026-09-14T08:37:38.535+00:00,HL,ASTER,-12.5338,-19.3338,1554.9,30.624,1556.85,0.04,1555.2,1556.24,0.0000062500,0.0003250100,11.4,0.1
2026-09-14T08:37:38.535+00:00,ASTER,HL,6.6847,-0.1153,1556.24,41.53,1555.2,26.782,1556.85,1554.9,0.0003250100,0.0000062500,0.1,11.4
2026-09-14T08:37:38.934+00:00,ENTROPY,ASTER,-11.8905,-18.6905,1555.0,0.0146,1556.85,0.04,1555.1,1556.51,0.0000016861,0.0003250100,0.4,296.2
2026-09-14T08:37:38.934+00:00,ASTER,ENTROPY,9.0625,2.2625,1556.51,3.04,1555.1,0.2468,1556.85,1555.0,0.0003250100,0.0000016861,296.2,0.4
2026-09-14T08:37:39.802+00:00,HL,ENTROPY,-1.2862,-8.0862,1554.9,34.182,1555.1,0.2545,1555.0,1555.0,0.0000062500,0.0000016861,0.3,656.6
2026-09-14T08:37:39.802+00:00,HL,ASTER,-12.5336,-19.3336,1554.9,34.182,1556.85,0.04,1555.0,1556.51,0.0000062500,0.0003250100,0.3,1165.0
2026-09-14T08:37:39.802+00:00,ENTROPY,HL,0.0000,-6.8000,1555.0,0.0146,1555.0,27.429,1555.1,1554.9,0.0000016861,0.0000062500,656.6,0.3
2026-09-14T08:37:39.802+00:00,ASTER,HL,9.7055,2.9055,1556.51,3.04,1555.0,27.429,1556.85,1554.9,0.0003250100,0.0000062500,1165.0,0.3
2026-09-14T08:37:39.990+00:00,ENTROPY,ASTER,-11.8910,-18.6910,1555.0,0.1111,1556.85,0.04,1555.1,1556.25,0.0000016861,0.0003250100,183.1,0.2
2026-09-14T08:37:39.990+00:00,ASTER,ENTROPY,7.3917,0.5917,1556.25,6.91,1555.1,0.0932,1556.85,1555.0,0.0003250100,0.0000016861,0.2,183.1
2026-09-14T08:37:40.841+00:00,HL,ENTROPY,-1.9293,-8.7293,1554.8,0.965,1555.1,0.3257,1554.9,1555.0,0.0000062500,0.0000016861,0.2,599.7
2026-09-14T08:37:40.841+00:00,HL,ASTER,-12.7915,-19.5915,1554.8,0.965,1556.79,15.33,1554.9,1556.37,0.0000062500,0.0003250100,0.2,90.0
2026-09-14T08:37:40.841+00:00,ENTROPY,HL,0.6431,-6.1569,1555.0,0.1111,1554.9,2.912,1555.1,1554.8,0.0000016861,0.0000062500,599.7,0.2
2026-09-14T08:37:40.841+00:00,ASTER,HL,9.4490,2.6490,1556.37,3.04,1554.9,2.912,1556.79,1554.8,0.0003250100,0.0000062500,90.0,0.2
2026-09-14T08:37:42.001+00:00,HL,ENTROPY,-1.9293,-8.7293,1554.8,0.965,1555.1,0.3257,1554.9,1555.0,0.0000062500,0.0000016861,0.4,1759.2
2026-09-14T08:37:42.001+00:00,HL,ASTER,-12.7915,-19.5915,1554.8,0.965,1556.79,15.12,1554.9,1556.37,0.0000062500,0.0003250100,0.4,1021.8
2026-09-14T08:37:42.001+00:00,ENTROPY,HL,0.6431,-6.1569,1555.0,0.1111,1554.9,1.232,1555.1,1554.8,0.0000016861,0.0000062500,1759.2,0.4
2026-09-14T08:37:42.001+00:00,ASTER,HL,9.4490,2.6490,1556.37,3.04,1554.9,1.232,1556.79,1554.8,0.0003250100,0.0000062500,1021.8,0.4
2026-09-14T08:37:42.581+00:00,ENTROPY,ASTER,-11.5052,-18.3052,1555.0,0.1813,1556.79,15.12,1555.1,1556.37,0.0000016855,0.0003250100,0.3,1601.8
2026-09-14T08:37:42.581+00:00,ASTER,ENTROPY,8.1629,1.3629,1556.37,3.04,1555.1,0.3257,1556.79,1555.0,0.0003250100,0.0000016855,1601.8,0.3
2026-09-14T08:37:43.437+00:00,HL,ENTROPY,-1.9293,-8.7293,1554.8,1.781,1555.1,0.3257,1554.9,1555.0,0.0000062500,0.0000016855,0.4,856.7
2026-09-14T08:37:43.437+00:00,ENTROPY,HL,0.6431,-6.1569,1555.0,0.1813,1554.9,1.232,1555.1,1554.8,0.0000016855,0.0000062500,856.7,0.4
2026-09-14T08:37:44.191+00:00,HL,ASTER,-12.7273,-19.5273,1554.8,1.844,1556.78,0.22,1554.9,1556.37,0.0000062500,0.0003250100,507.5,0.2
2026-09-14T08:37:44.191+00:00,ENTROPY,ASTER,-11.4410,-18.2410,1555.0,0.1667,1556.78,0.22,1555.1,1556.37,0.0000016855,0.0003250100,507.4,0.2
2026-09-14T08:37:44.191+00:00,ASTER,HL,9.4490,2.6490,1556.37,3.04,1554.9,1.232,1556.78,1554.8,0.0003250100,0.0000062500,0.2,507.5
2026-09-14T08:37:44.191+00:00,ASTER,ENTROPY,8.1629,1.3629,1556.37,3.04,1555.1,0.3257,1556.78,1555.0,0.0003250100,0.0000016855,0.2,507.4
2026-09-14T08:37:44.468+00:00,HL,ENTROPY,-1.9293,-8.7293,1554.8,0.879,1555.1,0.3257,1554.9,1555.0,0.0000062500,0.0000016855,0.3,783.9
2026-09-14T08:37:44.468+00:00,ENTROPY,HL,0.6431,-6.1569,1555.0,0.1667,1554.9,2.797,1555.1,1554.8,0.0000016855,0.0000062500,783.9,0.3
2026-09-14T08:37:45.352+00:00,HL,ASTER,-13.4348,-20.2348,1554.7,2.634,1556.79,15.12,1554.8,1556.37,0.0000062500,0.0003250100,0.3,967.4
2026-09-14T08:37:45.352+00:00,ASTER,HL,10.0921,3.2921,1556.37,3.04,1554.8,23.378,1556.79,1554.7,0.0003250100,0.0000062500,967.4,0.3
2026-09-14T08:37:45.352+00:00,ENTROPY,ASTER,-11.5050,-18.3050,1555.0,0.0077,1556.79,15.12,1555.2,1556.37,0.0000016855,0.0003250100,0.4,967.6
2026-09-14T08:37:45.352+00:00,ASTER,ENTROPY,7.5201,0.7201,1556.37,3.04,1555.2,0.1134,1556.79,1555.0,0.0003250100,0.0000016855,967.6,0.4
2026-09-14T08:37:45.469+00:00,HL,ENTROPY,-2.5725,-9.3725,1554.7,2.634,1555.1,0.3689,1554.8,1555.0,0.0000062500,0.0000016855,117.0,0.3
2026-09-14T08:37:45.469+00:00,ENTROPY,HL,1.2863,-5.5137,1555.0,0.0077,1554.8,23.378,1555.1,1554.7,0.0000016855,0.0000062500,0.3,117.0
2026-09-14T08:37:46.482+00:00,HL,ENTROPY,-2.5725,-9.3725,1554.7,4.442,1555.1,0.3689,1554.8,1555.0,0.0000062500,0.0000016855,0.3,68.6
2026-09-14T08:37:46.482+00:00,ENTROPY,HL,1.2863,-5.5137,1555.0,0.0077,1554.8,22.735,1555.1,1554.7,0.0000016855,0.0000062500,68.6,0.3
2026-09-14T08:37:46.581+00:00,HL,ASTER,-13.4352,-20.2352,1554.7,4.442,1556.79,15.12,1554.8,1556.19,0.0000062500,0.0003250100,98.8,0.2
2026-09-14T08:37:46.581+00:00,ENTROPY,ASTER,-11.5056,-18.3056,1555.0,0.1891,1556.79,15.12,1555.1,1556.19,0.0000016855,0.0003250100,98.8,0.2
2026-09-14T08:37:46.581+00:00,ASTER,HL,8.9353,2.1353,1556.19,0.04,1554.8,22.735,1556.79,1554.7,0.0003250100,0.0000062500,0.2,98.8
2026-09-14T08:37:46.581+00:00,ASTER,ENTROPY,7.0062,0.2062,1556.19,0.04,1555.1,0.3689,1556.79,1555.0,0.0003250100,0.0000016855,0.2,98.8
2026-09-14T08:37:47.542+00:00,HL,ENTROPY,-1.9292,-8.7292,1554.9,16.494,1555.2,0.1134,1555.0,1555.0,0.0000062500,0.0000016866,0.2,60.9
2026-09-14T08:37:47.542+00:00,ENTROPY,HL,0.0000,-6.8000,1555.0,0.3675,1555.0,23.542,1555.2,1554.9,0.0000016866,0.0000062500,60.9,0.2
2026-09-14T08:37:47.686+00:00,HL,ASTER,-12.5334,-19.3334,1554.9,32.572,1556.85,0.04,1555.0,1556.64,0.0000062500,0.0003250100,0.3,201.5
2026-09-14T08:37:47.686+00:00,ASTER,HL,10.5409,3.7409,1556.64,3.04,1555.0,21.735,1556.85,1554.9,0.0003250100,0.0000062500,201.5,0.3
2026-09-14T08:37:47.776+00:00,ENTROPY,ASTER,-12.8538,-19.6538,1555.0,0.3675,1557.0,0.04,1555.2,1556.64,0.0000016866,0.0003250100,294.5,0.2
2026-09-14T08:37:47.776+00:00,ASTER,ENTROPY,9.2547,2.4547,1556.64,3.04,1555.2,0.1134,1557.0,1555.0,0.0003250100,0.0000016866,0.2,294.5
2026-09-14T08:37:48.548+00:00,HL,ENTROPY,-0.6430,-7.4430,1555.1,20.058,1555.2,0.1134,1555.3,1555.1,0.0000062500,0.0000016866,0.5,655.7
2026-09-14T08:37:48.548+00:00,ENTROPY,HL,-1.2860,-8.0860,1555.1,1.6147,1555.3,4.507,1555.2,1555.1,0.0000016866,0.0000062500,655.7,0.5
2026-09-14T08:37:48.687+00:00,HL,ASTER,-11.3756,-18.1756,1555.2,16.075,1556.97,0.21,1555.3,1556.38,0.0000062500,0.0003250100,126.5,0.3
2026-09-14T08:37:48.687+00:00,ASTER,HL,6.9410,0.1410,1556.38,3.24,1555.3,5.479,1556.97,1555.2,0.0003250100,0.0000062500,0.3,126.5
2026-09-14T08:37:48.783+00:00,ENTROPY,ASTER,-11.8903,-18.6903,1555.1,1.3047,1556.95,3.62,1555.2,1556.31,0.0000016866,0.0003250100,85.3,0.3
2026-09-14T08:37:48.783+00:00,ASTER,ENTROPY,7.1342,0.3342,1556.31,1.53,1555.2,0.3278,1556.95,1555.1,0.0003250100,0.0000016866,0.3,85.3
2026-09-14T08:37:49.619+00:00,HL,ENTROPY,-2.5722,-9.3722,1554.9,49.647,1555.3,0.0297,1555.1,1555.1,0.0000062500,0.0000016866,0.3,139.0
2026-09-14T08:37:49.619+00:00,ENTROPY,HL,0.0000,-6.8000,1555.1,0.1993,1555.1,24.167,1555.3,1554.9,0.0000016866,0.0000062500,139.0,0.3
2026-09-14T08:37:49.825+00:00,HL,ASTER,-13.5618,-20.3618,1554.9,49.647,1557.01,4.64,1555.1,1556.37,0.0000062500,0.0003250100,206.6,0.2
2026-09-14T08:37:49.825+00:00,ENTROPY,ASTER,-12.2755,-19.0755,1555.1,0.1993,1557.01,4.64,1555.3,1556.37,0.0000016866,0.0003250100,345.3,0.2
2026-09-14T08:37:49.825+00:00,ASTER,HL,8.1628,1.3628,1556.37,49.48,1555.1,24.167,1557.01,1554.9,0.0003250100,0.0000062500,0.2,206.6
2026-09-14T08:37:49.825+00:00,ASTER,ENTROPY,6.8768,0.0768,1556.37,49.48,1555.3,0.0297,1557.01,1555.1,0.0003250100,0.0000016866,0.2,345.3
2026-09-14T08:37:50.674+00:00,HL,ENTROPY,-1.2860,-8.0860,1555.1,34.902,1555.3,0.0297,1555.2,1555.2,0.0000062500,0.0000016866,0.3,414.4
2026-09-14T08:37:50.674+00:00,ENTROPY,HL,0.0000,-6.8000,1555.2,0.1835,1555.2,1.0,1555.3,1555.1,0.0000016866,0.0000062500,414.4,0.3
2026-09-14T08:37:51.265+00:00,HL,ASTER,-12.3392,-19.1392,1555.1,35.217,1557.02,0.04,1555.2,1556.77,0.0000062500,0.0003250100,0.3,563.8
2026-09-14T08:37:51.265+00:00,ASTER,HL,10.0898,3.2898,1556.77,3.04,1555.2,1.0,1557.02,1555.1,0.0003250100,0.0000062500,563.8,0.3
2026-09-14T08:37:51.334+00:00,ENTROPY,ASTER,-11.6963,-18.4963,1555.2,0.1835,1557.02,0.04,1555.3,1556.69,0.0000016866,0.0003250100,1073.4,0.2
2026-09-14T08:37:51.334+00:00,ASTER,ENTROPY,8.9329,2.1329,1556.69,0.78,1555.3,0.0297,1557.02,1555.2,0.0003250100,0.0000016866,0.2,1073.4
2026-09-14T08:37:51.838+00:00,HL,ENTROPY,-1.2860,-8.0860,1555.1,35.017,1555.3,0.0297,1555.2,1555.2,0.0000062500,0.0000016866,0.2,227.0
2026-09-14T08:37:51.838+00:00,ENTROPY,HL,0.0000,-6.8000,1555.2,0.1912,1555.2,1.0,1555.3,1555.1,0.0000016866,0.0000062500,227.0,0.2
2026-09-14T08:37:52.283+00:00,HL,ASTER,-12.2752,-19.0752,1555.1,3.562,1557.01,0.23,1555.2,1556.6,0.0000062500,0.0003250100,149.3,0.2
2026-09-14T08:37:52.283+00:00,ASTER,HL,8.9976,2.1976,1556.6,3.04,1555.2,0.309,1557.01,1555.1,0.0003250100,0.0000062500,0.2,149.3
2026-09-14T08:37:52.333+00:00,ENTROPY,ASTER,-11.6963,-18.4963,1555.2,0.189,1557.02,0.04,1555.3,1556.65,0.0000016903,0.0003250100,0.3,0.4
2026-09-14T08:37:52.333+00:00,ASTER,ENTROPY,8.6759,1.8759,1556.65,3.04,1555.3,0.0167,1557.02,1555.2,0.0003250100,0.0000016903,0.4,0.3
2026-09-14T08:37:52.875+00:00,HL,ENTROPY,-1.2860,-8.0860,1555.1,1.806,1555.3,0.1989,1555.2,1555.2,0.0000062500,0.0000016903,0.3,370.4
2026-09-14T08:37:52.875+00:00,ENTROPY,HL,0.0000,-6.8000,1555.2,0.0077,1555.2,24.014,1555.3,1555.1,0.0000016903,0.0000062500,370.4,0.3
2026-09-14T08:37:53.289+00:00,HL,ASTER,-12.3393,-19.1393,1555.1,0.965,1557.02,0.04,1555.2,1556.69,0.0000062500,0.0003250100,148.0,0.2
2026-09-14T08:37:53.289+00:00,ASTER,HL,9.5758,2.7758,1556.69,0.78,1555.2,25.238,1557.02,1555.1,0.0003250100,0.0000062500,0.2,148.0
2026-09-14T08:37:53.454+00:00,ENTROPY,ASTER,-11.6961,-18.4961,1555.2,0.1935,1557.02,0.04,1555.3,1556.76,0.0000016903,0.0003250100,0.3,159.7
2026-09-14T08:37:53.454+00:00,ASTER,ENTROPY,9.3826,2.5826,1556.76,3.04,1555.3,0.0205,1557.02,1555.2,0.0003250100,0.0000016903,159.7,0.3
2026-09-14T08:37:53.936+00:00,HL,ENTROPY,-1.2860,-8.0860,1555.1,31.785,1555.3,0.0205,1555.2,1555.2,0.0000062500,0.0000016903,0.5,482.7
2026-09-14T08:37:53.936+00:00,ENTROPY,HL,0.0000,-6.8000,1555.2,0.1935,1555.2,1.0,1555.3,1555.1,0.0000016903,0.0000062500,482.7,0.5
2026-09-14T08:37:54.323+00:00,HL,ASTER,-13.3668,-20.1668,1555.1,36.48,1557.18,0.04,1555.3,1556.81,0.0000062500,0.0003250100,0.3,582.0
2026-09-14T08:37:54.323+00:00,ASTER,HL,9.7038,2.9038,1556.81,3.04,1555.3,23.721,1557.18,1555.1,0.0003250100,0.0000062500,582.0,0.3
2026-09-14T08:37:54.655+00:00,ENTROPY,ASTER,-12.7239,-19.5239,1555.2,0.3679,1557.18,0.04,1555.3,1556.81,0.0000016903,0.0003250100,0.4,914.6
2026-09-14T08:37:54.655+00:00,ASTER,ENTROPY,9.7036,2.9036,1556.81,3.04,1555.3,0.117,1557.18,1555.2,0.0003250100,0.0000016903,914.6,0.4
2026-09-14T08:37:54.948+00:00,HL,ENTROPY,-0.6430,-7.4430,1555.2,1.933,1555.3,0.117,1555.3,1555.2,0.0000062500,0.0000016903,0.3,292.8
2026-09-14T08:37:54.948+00:00,ENTROPY,HL,-0.6430,-7.4430,1555.2,0.3679,1555.3,23.206,1555.3,1555.2,0.0000016903,0.0000062500,292.8,0.3
2026-09-14T08:37:55.341+00:00,HL,ASTER,-13.3034,-20.1034,1555.1,34.37,1557.17,0.23,1555.3,1556.4,0.0000062500,0.0003250100,33.3,0.3
2026-09-14T08:37:55.341+00:00,ASTER,HL,7.0694,0.2694,1556.4,0.64,1555.3,25.247,1557.17,1555.1,0.0003250100,0.0000062500,0.3,33.3
2026-09-14T08:37:55.937+00:00,ENTROPY,ASTER,-11.5683,-18.3683,1555.2,0.0077,1557.0,0.04,1555.3,1556.41,0.0000016903,0.0003250100,330.9,0.2
2026-09-14T08:37:55.937+00:00,ASTER,ENTROPY,7.1338,0.3338,1556.41,35.42,1555.3,0.3298,1557.0,1555.2,0.0003250100,0.0000016903,0.2,330.9
2026-09-14T08:37:56.010+00:00,HL,ENTROPY,-1.9290,-8.7290,1555.0,2.584,1555.3,0.3298,1555.2,1555.2,0.0000062500,0.0000016903,0.2,404.4
2026-09-14T08:37:56.010+00:00,ENTROPY,HL,0.0000,-6.8000,1555.2,0.0077,1555.2,4.333,1555.3,1555.0,0.0000016903,0.0000062500,404.4,0.2
2026-09-14T08:37:56.363+00:00,HL,ASTER,-12.8539,-19.6539,1555.0,4.516,1557.0,0.04,1555.1,1556.7,0.0000062500,0.0003250100,0.2,105.9
2026-09-14T08:37:56.363+00:00,ASTER,HL,10.2831,3.4831,1556.7,3.04,1555.1,22.735,1557.0,1555.0,0.0003250100,0.0000062500,105.9,0.2
2026-09-14T08:37:56.944+00:00,ENTROPY,ASTER,-12.7240,-19.5240,1555.2,0.3288,1557.18,0.04,1555.3,1556.8,0.0000016903,0.0003250100,17.7,0.1
2026-09-14T08:37:56.944+00:00,ASTER,ENTROPY,9.6394,2.8394,1556.8,3.04,1555.3,0.117,1557.18,1555.2,0.0003250100,0.0000016903,0.1,17.7
2026-09-14T08:37:57.044+00:00,HL,ENTROPY,-1.9291,-8.7291,1555.0,8.659,1555.3,0.117,1555.1,1555.2,0.0000062500,0.0000016903,0.2,117.3
2026-09-14T08:37:57.044+00:00,ENTROPY,HL,0.6430,-6.1570,1555.2,0.3288,1555.1,0.54,1555.3,1555.0,0.0000016903,0.0000062500,117.3,0.2
2026-09-14T08:37:57.392+00:00,HL,ASTER,-13.4950,-20.2950,1555.2,48.474,1557.3,52.5,1555.3,1556.72,0.0000062500,0.0003250100,0.2,97.2
2026-09-14T08:37:57.392+00:00,ASTER,HL,9.1252,2.3252,1556.72,0.04,1555.3,0.958,1557.3,1555.2,0.0003250100,0.0000062500,97.2,0.2
2026-09-14T08:37:57.945+00:00,ENTROPY,ASTER,-12.5953,-19.3953,1555.2,0.3288,1557.16,15.11,1555.5,1556.68,0.0000016959,0.0003250100,140.4,0.2
2026-09-14T08:37:57.945+00:00,ASTER,ENTROPY,7.5829,0.7829,1556.68,3.04,1555.5,0.2142,1557.16,1555.2,0.0003250100,0.0000016959,0.2,140.4
2026-09-14T08:37:58.120+00:00,HL,ENTROPY,-2.5719,-9.3719,1555.1,33.289,1555.5,0.2142,1555.3,1555.2,0.0000062500,0.0000016959,0.3,315.4
2026-09-14T08:37:58.120+00:00,ENTROPY,HL,-0.6430,-7.4430,1555.2,0.3288,1555.3,23.309,1555.5,1555.1,0.0000016959,0.0000062500,315.4,0.3
2026-09-14T08:37:58.498+00:00,HL,ASTER,-13.1102,-19.9102,1555.1,33.289,1557.14,0.21,1555.2,1556.73,0.0000062500,0.0003250100,153.9,0.3
2026-09-14T08:37:58.498+00:00,ASTER,HL,9.8326,3.0326,1556.73,3.04,1555.2,0.643,1557.14,1555.1,0.0003250100,0.0000062500,0.3,153.9
2026-09-14T08:37:59.121+00:00,HL,ENTROPY,-1.2860,-8.0860,1555.1,33.289,1555.3,0.1882,1555.2,1555.2,0.0000062500,0.0000016959,0.3,399.9
2026-09-14T08:37:59.121+00:00,ENTROPY,HL,0.0000,-6.8000,1555.2,0.1643,1555.2,2.248,1555.3,1555.1,0.0000016959,0.0000062500,399.9,0.3
2026-09-14T08:37:59.121+00:00,ENTROPY,ASTER,-12.4671,-19.2671,1555.2,0.1643,1557.14,0.21,1555.3,1556.73,0.0000016959,0.0003250100,0.4,623.2
2026-09-14T08:37:59.121+00:00,ASTER,ENTROPY,9.1897,2.3897,1556.73,3.04,1555.3,0.163,1557.14,1555.2,0.0003250100,0.0000016959,623.2,0.4
2026-09-14T08:37:59.540+00:00,HL,ASTER,-13.1748,-19.9748,1555.1,33.289,1557.15,0.04,1555.2,1556.54,0.0000062500,0.0003250100,419.0,0.2
2026-09-14T08:37:59.540+00:00,ASTER,HL,8.6118,1.8118,1556.54,0.01,1555.2,2.248,1557.15,1555.1,0.0003250100,0.0000062500,0.2,419.0
2026-09-14T08:38:00.140+00:00,HL,ENTROPY,-2.5715,-9.3715,1555.3,7.425,1555.7,0.3216,1555.4,1555.6,0.0000062500,0.0000016959,0.2,131.4
2026-09-14T08:38:00.140+00:00,ENTROPY,HL,1.2858,-5.5142,1555.6,0.3214,1555.4,1.423,1555.7,1555.3,0.0000016959,0.0000062500,131.4,0.2
2026-09-14T08:38:00.140+00:00,ENTROPY,ASTER,-10.9231,-17.7231,1555.6,0.6428,1557.3,13.26,1555.7,1556.75,0.0000016959,0.0003250100,0.3,47.1
2026-09-14T08:38:00.140+00:00,ASTER,ENTROPY,6.7466,-0.0534,1556.75,0.78,1555.7,0.3216,1557.3,1555.6,0.0003250100,0.0000016959,47.1,0.3
2026-09-14T08:38:00.556+00:00,HL,ASTER,-11.4392,-18.2392,1555.3,1.8,1557.08,36.51,1555.4,1556.45,0.0000062500,0.0003250100,150.5,0.2
2026-09-14T08:38:00.556+00:00,ASTER,HL,6.7478,-0.0522,1556.45,2.49,1555.4,2.554,1557.08,1555.3,0.0003250100,0.0000062500,0.2,150.5
2026-09-14T08:38:01.156+00:00,HL,ENTROPY,-2.5722,-9.3722,1554.9,18.654,1555.3,0.6675,1555.0,1555.2,0.0000062500,0.0000016959,0.2,64.8
2026-09-14T08:38:01.156+00:00,ENTROPY,HL,1.2861,-5.5139,1555.2,0.1174,1555.0,0.867,1555.3,1554.9,0.0000016959,0.0000062500,64.8,0.2
2026-09-14T08:38:01.177+00:00,ENTROPY,ASTER,-11.5040,-18.3040,1555.2,0.1174,1556.99,0.04,1555.3,1556.42,0.0000016959,0.0003250100,85.7,0.2
2026-09-14T08:38:01.177+00:00,ASTER,ENTROPY,7.1980,0.3980,1556.42,44.04,1555.3,0.6675,1556.99,1555.2,0.0003250100,0.0000016959,0.2,85.7
2026-09-14T08:38:01.597+00:00,HL,ASTER,-13.4326,-20.2326,1554.9,49.6,1556.99,0.04,1555.1,1556.68,0.0000062500,0.0003250100,0.2,47.1
2026-09-14T08:38:01.597+00:00,ASTER,HL,10.1548,3.3548,1556.68,3.04,1555.1,1.101,1556.99,1554.9,0.0003250100,0.0000062500,47.1,0.2
2026-09-14T08:38:02.288+00:00,HL,ENTROPY,-1.9291,-8.7291,1555.0,3.827,1555.3,0.1965,1555.1,1555.2,0.0000062500,0.0000017000,137.9,0.3
2026-09-14T08:38:02.288+00:00,ENTROPY,HL,0.6430,-6.1570,1555.2,0.05,1555.1,1.0,1555.3,1555.0,0.0000017000,0.0000062500,0.3,137.9
2026-09-14T08:38:02.288+00:00,ENTROPY,ASTER,-11.5035,-18.3035,1555.2,0.05,1556.99,0.04,1555.3,1556.68,0.0000017000,0.0003266100,0.3,738.2
2026-09-14T08:38:02.288+00:00,ASTER,ENTROPY,8.8687,2.0687,1556.68,3.04,1555.3,0.1965,1556.99,1555.2,0.0003266100,0.0000017000,738.2,0.3
2026-09-14T08:38:02.665+00:00,HL,ASTER,-12.7900,-19.5900,1555.0,3.74,1556.99,0.04,1555.1,1556.52,0.0000062500,0.0003266100,0.3,109.6
2026-09-14T08:38:02.665+00:00,ASTER,HL,9.1265,2.3265,1556.52,3.04,1555.1,1.0,1556.99,1555.0,0.0003266100,0.0000062500,109.6,0.3
2026-09-14T08:38:04.076+00:00,HL,ENTROPY,-1.9291,-8.7291,1555.0,2.393,1555.3,0.1965,1555.1,1555.2,0.0000062500,0.0000017000,1335.6,0.2
2026-09-14T08:38:04.076+00:00,ENTROPY,HL,0.6430,-6.1570,1555.2,0.1174,1555.1,1.0,1555.3,1555.0,0.0000017000,0.0000062500,0.2,1335.6
2026-09-14T08:38:04.076+00:00,ENTROPY,ASTER,-11.5036,-18.3036,1555.2,0.1174,1556.99,0.04,1555.3,1556.65,0.0000017000,0.0003266100,0.2,874.5
2026-09-14T08:38:04.076+00:00,ASTER,ENTROPY,8.6759,1.8759,1556.65,3.04,1555.3,0.1965,1556.99,1555.2,0.0003266100,0.0000017000,874.5,0.2
2026-09-14T08:38:04.081+00:00,HL,ASTER,-13.5607,-20.3607,1555.0,2.393,1557.11,6.8,1555.1,1556.65,0.0000062500,0.0003266100,1340.6,0.1
2026-09-14T08:38:04.081+00:00,ASTER,HL,9.9617,3.1617,1556.65,3.04,1555.1,1.0,1557.11,1555.0,0.0003266100,0.0000062500,0.1,1340.6
2026-09-14T08:38:05.175+00:00,HL,ENTROPY,-0.6429,-7.4429,1555.3,0.849,1555.4,0.113,1555.4,1555.3,0.0000062500,0.0000017000,0.3,137.6
2026-09-14T08:38:05.175+00:00,HL,ASTER,-12.0165,-18.8165,1555.3,0.849,1557.17,0.04,1555.4,1556.91,0.0000062500,0.0003266100,0.3,1061.4
2026-09-14T08:38:05.175+00:00,ENTROPY,HL,-0.6429,-7.4429,1555.3,1.463,1555.4,23.13,1555.4,1555.3,0.0000017000,0.0000062500,137.6,0.3
2026-09-14T08:38:05.175+00:00,ASTER,HL,9.7032,2.9032,1556.91,3.04,1555.4,23.13,1557.17,1555.3,0.0003266100,0.0000062500,1061.4,0.3
2026-09-14T08:38:05.679+00:00,ENTROPY,ASTER,-12.0169,-18.8169,1555.3,1.463,1557.17,0.04,1555.4,1556.69,0.0000017000,0.0003266100,641.5,0.2
2026-09-14T08:38:05.679+00:00,ASTER,ENTROPY,8.2897,1.4897,1556.69,0.78,1555.4,0.113,1557.17,1555.3,0.0003266100,0.0000017000,0.2,641.5
2026-09-14T08:38:06.232+00:00,HL,ASTER,-13.0445,-19.8445,1555.3,2.656,1557.33,0.04,1555.4,1556.81,0.0000062500,0.0003266100,115.7,0.2
2026-09-14T08:38:06.232+00:00,ASTER,HL,9.0605,2.2605,1556.81,8.26,1555.4,22.735,1557.33,1555.3,0.0003266100,0.0000062500,0.2,115.7
2026-09-14T08:38:06.361+00:00,HL,ENTROPY,-1.2859,-8.0859,1555.3,2.656,1555.5,0.1614,1555.4,1555.3,0.0000062500,0.0000017000,0.2,243.8
2026-09-14T08:38:06.361+00:00,ENTROPY,HL,-0.6429,-7.4429,1555.3,1.5766,1555.4,21.735,1555.5,1555.3,0.0000017000,0.0000062500,243.8,0.2
2026-09-14T08:38:06.714+00:00,ENTROPY,ASTER,-9.3188,-16.1188,1555.3,0.1264,1556.75,0.04,1555.5,1556.43,0.0000017071,0.0003266100,0.3,125.9
2026-09-14T08:38:06.714+00:00,ASTER,ENTROPY,5.9769,-0.8231,1556.43,3.04,1555.5,1.2096,1556.75,1555.3,0.0003266100,0.0000017071,125.9,0.3
2026-09-14T08:38:07.286+00:00,HL,ASTER,-12.5344,-19.3344,1554.8,11.679,1556.75,0.04,1554.9,1556.43,0.0000062500,0.0003266100,0.3,697.7
2026-09-14T08:38:07.286+00:00,ASTER,HL,9.8347,3.0347,1556.43,3.04,1554.9,20.991,1556.75,1554.8,0.0003266100,0.0000062500,697.7,0.3
2026-09-14T08:38:07.543+00:00,HL,ENTROPY,-1.9293,-8.7293,1554.8,11.679,1555.1,0.2469,1554.9,1555.0,0.0000062500,0.0000017071,0.4,357.5
2026-09-14T08:38:07.543+00:00,ENTROPY,HL,0.6431,-6.1569,1555.0,0.0641,1554.9,23.379,1555.1,1554.8,0.0000017071,0.0000062500,357.5,0.4
2026-09-14T08:38:08.082+00:00,ENTROPY,ASTER,-11.2485,-18.0485,1555.0,0.0641,1556.75,0.04,1555.1,1556.21,0.0000017071,0.0003266100,897.5,0.2
2026-09-14T08:38:08.082+00:00,ASTER,ENTROPY,7.1348,0.3348,1556.21,0.78,1555.1,0.2469,1556.75,1555.0,0.0003266100,0.0000017071,0.2,897.5
2026-09-14T08:38:08.301+00:00,HL,ASTER,-12.5346,-19.3346,1554.8,10.634,1556.75,0.04,1554.9,1556.35,0.0000062500,0.0003266100,0.2,57.6
2026-09-14T08:38:08.301+00:00,ASTER,HL,9.3206,2.5206,1556.35,3.04,1554.9,22.596,1556.75,1554.8,0.0003266100,0.0000062500,57.6,0.2
2026-09-14T08:38:08.560+00:00,HL,ENTROPY,-1.9293,-8.7293,1554.8,11.599,1555.1,0.2597,1554.9,1555.0,0.0000062500,0.0000017071,0.3,258.8
2026-09-14T08:38:08.560+00:00,ENTROPY,HL,0.6431,-6.1569,1555.0,0.0641,1554.9,21.991,1555.1,1554.8,0.0000017071,0.0000062500,258.8,0.3
2026-09-14T08:38:09.302+00:00,HL,ASTER,-12.5345,-19.3345,1554.8,12.469,1556.75,0.04,1554.9,1556.37,0.0000062500,0.0003266100,0.3,312.8
2026-09-14T08:38:09.302+00:00,ASTER,HL,9.4491,2.6491,1556.37,3.04,1554.9,25.493,1556.75,1554.8,0.0003266100,0.0000062500,312.8,0.3
2026-09-14T08:38:09.432+00:00,ENTROPY,ASTER,-11.2485,-18.0485,1555.0,0.0641,1556.75,0.04,1555.1,1556.21,0.0000017071,0.0003266100,1130.6,0.2
2026-09-14T08:38:09.432+00:00,ASTER,ENTROPY,7.1348,0.3348,1556.21,0.78,1555.1,0.2597,1556.75,1555.0,0.0003266100,0.0000017071,0.2,1130.6
2026-09-14T08:38:09.673+00:00,HL,ENTROPY,-2.5725,-9.3725,1554.7,2.639,1555.1,0.2597,1554.9,1555.0,0.0000062500,0.0000017071,0.3,1371.8
2026-09-14T08:38:09.673+00:00,ENTROPY,HL,0.6431,-6.1569,1555.0,0.0641,1554.9,23.856,1555.1,1554.7,0.0000017071,0.0000062500,1371.8,0.3
2026-09-14T08:38:10.357+00:00,HL,ASTER,-12.9223,-19.7223,1554.5,3.534,1556.51,0.04,1554.8,1556.01,0.0000062500,0.0003266100,0.3,72.7
2026-09-14T08:38:10.357+00:00,ASTER,HL,7.7791,0.9791,1556.01,3.04,1554.8,26.456,1556.51,1554.5,0.0003266100,0.0000062500,72.7,0.3
2026-09-14T08:38:10.432+00:00,ENTROPY,ASTER,-10.4773,-17.2773,1555.0,0.0924,1556.63,0.04,1555.1,1556.24,0.0000017071,0.0003266100,75.5,0.3
2026-09-14T08:38:10.432+00:00,ASTER,ENTROPY,7.3277,0.5277,1556.24,3.04,1555.1,0.646,1556.63,1555.0,0.0003266100,0.0000017071,0.3,75.5
2026-09-14T08:38:10.756+00:00,HL,ENTROPY,-3.8590,-10.6590,1554.5,4.875,1555.1,0.646,1554.6,1555.0,0.0000062500,0.0000017071,0.3,257.3
2026-09-14T08:38:10.756+00:00,ENTROPY,HL,2.5727,-4.2273,1555.0,0.0824,1554.6,21.735,1555.1,1554.5,0.0000017071,0.0000062500,257.3,0.3
2026-09-14T08:38:11.377+00:00,HL,ASTER,-12.4067,-19.2067,1554.7,3.502,1556.63,0.04,1554.8,1556.3,0.0000062500,0.0003266100,0.3,879.3
2026-09-14T08:38:11.377+00:00,ASTER,HL,9.6425,2.8425,1556.3,3.04,1554.8,2.55,1556.63,1554.7,0.0003266100,0.0000062500,879.3,0.3
2026-09-14T08:38:11.516+00:00,ENTROPY,ASTER,-11.7631,-18.5631,1554.8,0.2229,1556.63,0.04,1555.1,1556.3,0.0000017071,0.0003266100,0.4,1018.0
2026-09-14T08:38:11.516+00:00,ASTER,ENTROPY,7.7135,0.9135,1556.3,3.04,1555.1,0.6537,1556.63,1554.8,0.0003266100,0.0000017071,1018.0,0.4
2026-09-14T08:38:11.838+00:00,HL,ENTROPY,-2.5726,-9.3726,1554.7,2.435,1555.1,0.6537,1554.8,1554.8,0.0000062500,0.0000017173,0.3,321.9
2026-09-14T08:38:11.838+00:00,ENTROPY,HL,0.0000,-6.8000,1554.8,0.2229,1554.8,3.156,1555.1,1554.7,0.0000017173,0.0000062500,321.9,0.3
2026-09-14T08:38:12.948+00:00,HL,ENTROPY,-2.5725,-9.3725,1554.7,3.6,1555.1,0.7425,1554.8,1555.0,0.0000062500,0.0000017173,0.3,321.8
2026-09-14T08:38:12.948+00:00,ENTROPY,HL,1.2863,-5.5137,1555.0,0.0522,1554.8,1.725,1555.1,1554.7,0.0000017173,0.0000062500,321.8,0.3
2026-09-14T08:38:13.630+00:00,HL,ASTER,-12.4071,-19.2071,1554.7,3.4,1556.63,0.04,1554.8,1556.1,0.0000062500,0.0003266100,56.6,0.2
2026-09-14T08:38:13.630+00:00,ENTROPY,ASTER,-10.4775,-17.2775,1555.0,0.0522,1556.63,0.04,1555.1,1556.1,0.0000017173,0.0003266100,1004.3,0.2
2026-09-14T08:38:13.630+00:00,ASTER,HL,8.3571,1.5571,1556.1,54.1,1554.8,2.523,1556.63,1554.7,0.0003266100,0.0000062500,0.2,56.6
2026-09-14T08:38:13.630+00:00,ASTER,ENTROPY,6.4279,-0.3721,1556.1,54.1,1555.1,0.7425,1556.63,1555.0,0.0003266100,0.0000017173,0.2,1004.3
2026-09-14T08:38:13.952+00:00,HL,ENTROPY,-2.5725,-9.3725,1554.7,5.25,1555.1,0.7425,1554.8,1555.0,0.0000062500,0.0000017173,0.1,225.8
2026-09-14T08:38:13.952+00:00,ENTROPY,HL,1.2863,-5.5137,1555.0,0.0991,1554.8,1.0,1555.1,1554.7,0.0000017173,0.0000062500,225.8,0.1
2026-09-14T08:38:14.731+00:00,HL,ASTER,-14.0771,-20.8771,1554.7,4.485,1556.89,3.46,1554.8,1556.47,0.0000062500,0.0003266100,136.6,0.2
2026-09-14T08:38:14.731+00:00,ENTROPY,ASTER,-12.1476,-18.9476,1555.0,0.0991,1556.89,3.46,1555.1,1556.47,0.0000017173,0.0003266100,419.9,0.2
2026-09-14T08:38:14.731+00:00,ASTER,HL,10.7346,3.9346,1556.47,3.04,1554.8,0.605,1556.89,1554.7,0.0003266100,0.0000062500,0.2,136.6
2026-09-14T08:38:14.731+00:00,ASTER,ENTROPY,8.8054,2.0054,1556.47,3.04,1555.1,0.6915,1556.89,1555.0,0.0003266100,0.0000017173,0.2,419.9
2026-09-14T08:38:15.134+00:00,HL,ENTROPY,-1.2862,-8.0862,1554.9,7.425,1555.1,0.5251,1555.0,1555.0,0.0000062500,0.0000017173,1.8,395.1
2026-09-14T08:38:15.134+00:00,ENTROPY,HL,0.0000,-6.8000,1555.0,0.31,1555.0,3.069,1555.1,1554.9,0.0000017173,0.0000062500,395.1,1.8
2026-09-14T08:38:15.737+00:00,HL,ASTER,-14.3969,-21.1969,1554.9,11.688,1557.14,0.21,1555.0,1556.54,0.0000062500,0.0003266100,178.3,0.2
2026-09-14T08:38:15.737+00:00,ENTROPY,ASTER,-13.7537,-20.5537,1555.0,0.3177,1557.14,0.21,1555.1,1556.54,0.0000017173,0.0003266100,385.9,0.2
2026-09-14T08:38:15.737+00:00,ASTER,HL,9.8978,3.0978,1556.54,2.56,1555.0,2.464,1557.14,1554.9,0.0003266100,0.0000062500,0.2,178.3
2026-09-14T08:38:15.737+00:00,ASTER,ENTROPY,9.2548,2.4548,1556.54,2.56,1555.1,0.1562,1557.14,1555.0,0.0003266100,0.0000017173,0.2,385.9
2026-09-14T08:38:16.140+00:00,HL,ENTROPY,-1.2860,-8.0860,1555.1,1.51,1555.3,0.2353,1555.2,1555.0,0.0000062500,0.0000017173,2.0,53.5
2026-09-14T08:38:16.140+00:00,ENTROPY,HL,-1.2860,-8.0860,1555.0,0.3177,1555.2,31.688,1555.3,1555.1,0.0000017173,0.0000062500,53.5,2.0
2026-09-14T08:38:16.781+00:00,HL,ASTER,-12.7257,-19.5257,1555.0,0.965,1556.98,0.04,1555.1,1556.55,0.0000062500,0.0003266100,0.2,52.6
2026-09-14T08:38:16.781+00:00,ASTER,HL,9.3193,2.5193,1556.55,3.04,1555.1,4.234,1556.98,1555.0,0.0003266100,0.0000062500,52.6,0.2
2026-09-14T08:38:16.975+00:00,ENTROPY,ASTER,-12.7257,-19.5257,1555.0,0.3646,1556.98,0.04,1555.1,1556.55,0.0000017352,0.0003266100,0.3,246.1
2026-09-14T08:38:16.975+00:00,ASTER,ENTROPY,9.3193,2.5193,1556.55,3.04,1555.1,0.0077,1556.98,1555.0,0.0003266100,0.0000017352,246.1,0.3
2026-09-14T08:38:17.368+00:00,HL,ENTROPY,-0.6431,-7.4431,1555.0,0.965,1555.1,0.0077,1555.1,1555.0,0.0000062500,0.0000017352,0.2,393.4
2026-09-14T08:38:17.368+00:00,ENTROPY,HL,-0.6431,-7.4431,1555.0,0.3646,1555.1,1.829,1555.1,1555.0,0.0000017352,0.0000062500,393.4,0.2
2026-09-14T08:38:17.872+00:00,HL,ASTER,-12.7257,-19.5257,1555.0,1.922,1556.98,0.04,1555.1,1556.56,0.0000062500,0.0003266100,0.3,549.2
2026-09-14T08:38:17.872+00:00,ASTER,HL,9.3836,2.5836,1556.56,3.04,1555.1,0.94,1556.98,1555.0,0.0003266100,0.0000062500,549.2,0.3
2026-09-14T08:38:18.165+00:00,ENTROPY,ASTER,-12.7257,-19.5257,1555.0,0.3177,1556.98,0.04,1555.1,1556.56,0.0000017352,0.0003266100,0.5,842.4
2026-09-14T08:38:18.165+00:00,ASTER,ENTROPY,9.3836,2.5836,1556.56,3.04,1555.1,0.0077,1556.98,1555.0,0.0003266100,0.0000017352,842.4,0.5
2026-09-14T08:38:18.433+00:00,HL,ENTROPY,-1.2862,-8.0862,1554.9,32.412,1555.1,0.0077,1555.1,1555.0,0.0000062500,0.0000017352,0.3,268.2
2026-09-14T08:38:18.433+00:00,ENTROPY,HL,-0.6431,-7.4431,1555.0,0.3177,1555.1,2.414,1555.1,1554.9,0.0000017352,0.0000062500,268.2,0.3
2026-09-14T08:38:18.940+00:00,HL,ASTER,-13.3048,-20.1048,1554.9,34.22,1556.97,0.23,1555.0,1556.45,0.0000062500,0.0003266100,163.7,0.2
2026-09-14T08:38:18.940+00:00,ASTER,HL,9.3198,2.5198,1556.45,3.04,1555.0,22.735,1556.97,1554.9,0.0003266100,0.0000062500,0.2,163.7
2026-09-14T08:38:19.185+00:00,ENTROPY,ASTER,-12.7257,-19.5257,1555.0,0.2414,1556.98,20.58,1555.1,1556.56,0.0000017352,0.0003266100,0.3,44.1
2026-09-14T08:38:19.185+00:00,ASTER,ENTROPY,9.3836,2.5836,1556.56,3.04,1555.1,0.0077,1556.98,1555.0,0.0003266100,0.0000017352,44.1,0.3
2026-09-14T08:38:19.619+00:00,HL,ENTROPY,-1.2862,-8.0862,1554.9,35.864,1555.1,0.0205,1555.0,1555.0,0.0000062500,0.0000017352,0.2,340.6
2026-09-14T08:38:19.619+00:00,ENTROPY,HL,0.0000,-6.8000,1555.0,0.2414,1555.0,22.735,1555.1,1554.9,0.0000017352,0.0000062500,340.6,0.2
2026-09-14T08:38:20.206+00:00,HL,ASTER,-13.0479,-19.8479,1554.9,31.589,1556.93,0.23,1555.0,1556.37,0.0000062500,0.0003266100,0.3,323.9
2026-09-14T08:38:20.206+00:00,ASTER,HL,8.8058,2.0058,1556.37,0.04,1555.0,31.503,1556.93,1554.9,0.0003266100,0.0000062500,323.9,0.3
2026-09-14T08:38:20.207+00:00,ENTROPY,ASTER,-12.4048,-19.2048,1555.0,0.0568,1556.93,0.23,1555.1,1556.37,0.0000017352,0.0003266100,0.5,324.1
2026-09-14T08:38:20.207+00:00,ASTER,ENTROPY,8.1627,1.3627,1556.37,0.04,1555.1,0.1892,1556.93,1555.0,0.0003266100,0.0000017352,324.1,0.5
2026-09-14T08:38:20.647+00:00,HL,ENTROPY,-1.2862,-8.0862,1554.9,30.824,1555.1,0.1892,1555.0,1555.0,0.0000062500,0.0000017352,0.2,31.4
2026-09-14T08:38:20.647+00:00,ENTROPY,HL,0.0000,-6.8000,1555.0,0.2213,1555.0,19.637,1555.1,1554.9,0.0000017352,0.0000062500,31.4,0.2
2026-09-14T08:38:21.302+00:00,ENTROPY,ASTER,-12.5330,-19.3330,1555.0,0.161,1556.95,15.71,1555.1,1556.51,0.0000017352,0.0003266100,0.2,110.8
2026-09-14T08:38:21.302+00:00,ASTER,ENTROPY,9.0623,2.2623,1556.51,3.04,1555.1,0.1903,1556.95,1555.0,0.0003266100,0.0000017352,110.8,0.2
2026-09-14T08:38:21.391+00:00,HL,ASTER,-13.1762,-19.9762,1554.9,33.85,1556.95,15.71,1555.0,1556.51,0.0000062500,0.0003266100,0.3,199.4
2026-09-14T08:38:21.391+00:00,ASTER,HL,9.7054,2.9054,1556.51,3.04,1555.0,10.73,1556.95,1554.9,0.0003266100,0.0000062500,199.4,0.3
2026-09-14T08:38:21.989+00:00,HL,ENTROPY,-1.9293,-8.7293,1554.8,13.64,1555.1,0.1903,1555.0,1555.0,0.0000062500,0.0000017483,0.2,686.8
2026-09-14T08:38:21.989+00:00,ENTROPY,HL,0.0000,-6.8000,1555.0,0.161,1555.0,10.73,1555.1,1554.8,0.0000017483,0.0000062500,686.8,0.2
2026-09-14T08:38:22.335+00:00,ENTROPY,ASTER,-14.0747,-20.8747,1555.0,0.161,1557.19,0.04,1555.1,1556.64,0.0000017483,0.0003266100,144.6,0.9
2026-09-14T08:38:22.335+00:00,ASTER,ENTROPY,9.8973,3.0973,1556.64,3.04,1555.1,0.3566,1557.19,1555.0,0.0003266100,0.0000017483,0.9,144.6
2026-09-14T08:38:22.404+00:00,HL,ASTER,-14.5258,-21.3258,1554.8,13.64,1557.06,5.51,1554.9,1556.64,0.0000062500,0.0003266100,213.2,0.2
2026-09-14T08:38:22.404+00:00,ASTER,HL,11.1836,4.3836,1556.64,3.04,1554.9,0.866,1557.06,1554.8,0.0003266100,0.0000062500,0.2,213.2
2026-09-14T08:38:23.022+00:00,HL,ENTROPY,-1.2862,-8.0862,1554.9,49.269,1555.1,0.0282,1555.1,1555.0,0.0000062500,0.0000017483,0.3,350.8
2026-09-14T08:38:23.022+00:00,ENTROPY,HL,-0.6431,-7.4431,1555.0,0.3887,1555.1,1.646,1555.1,1554.9,0.0000017483,0.0000062500,350.8,0.3
2026-09-14T08:38:23.343+00:00,ENTROPY,ASTER,-12.1478,-18.9478,1555.0,0.1941,1556.89,52.12,1555.1,1556.36,0.0000017483,0.0003266100,37.2,0.2
2026-09-14T08:38:23.343+00:00,ASTER,ENTROPY,8.0985,1.2985,1556.36,3.04,1555.1,0.2032,1556.89,1555.0,0.0003266100,0.0000017483,0.2,37.2
2026-09-14T08:38:23.415+00:00,HL,ASTER,-12.6624,-19.4624,1554.9,32.406,1556.87,0.23,1555.0,1556.36,0.0000062500,0.0003266100,0.3,27.2
2026-09-14T08:38:23.415+00:00,ASTER,HL,8.7416,1.9416,1556.36,3.04,1555.0,22.34,1556.87,1554.9,0.0003266100,0.0000062500,27.2,0.3
2026-09-14T08:38:24.030+00:00,HL,ENTROPY,-2.5725,-9.3725,1554.7,2.435,1555.1,0.3668,1554.8,1555.0,0.0000062500,0.0000017483,0.2,359.9
2026-09-14T08:38:24.030+00:00,ENTROPY,HL,1.2863,-5.5137,1555.0,0.1941,1554.8,30.908,1555.1,1554.7,0.0000017483,0.0000062500,359.9,0.2
2026-09-14T08:38:24.376+00:00,ENTROPY,ASTER,-12.2767,-19.0767,1554.9,0.0128,1556.81,0.23,1555.1,1556.38,0.0000017483,0.0003266100,0.4,39.6
2026-09-14T08:38:24.376+00:00,ASTER,ENTROPY,8.2273,1.4273,1556.38,3.04,1555.1,0.7529,1556.81,1554.9,0.0003266100,0.0000017483,39.6,0.4
2026-09-14T08:38:24.427+00:00,HL,ASTER,-13.5638,-20.3638,1554.7,5.079,1556.81,0.23,1554.8,1556.13,0.0000062500,0.0003266100,0.2,42.2
2026-09-14T08:38:24.427+00:00,ASTER,HL,8.5497,1.7497,1556.13,0.01,1554.8,21.735,1556.81,1554.7,0.0003266100,0.0000062500,42.2,0.2
2026-09-14T08:38:25.223+00:00,HL,ENTROPY,-1.9294,-8.7294,1554.7,4.067,1555.0,0.358,1554.8,1554.9,0.0000062500,0.0000017483,0.3,480.5
2026-09-14T08:38:25.223+00:00,ENTROPY,HL,0.6431,-6.1569,1554.9,0.0128,1554.8,23.305,1555.0,1554.7,0.0000017483,0.0000062500,480.5,0.3
2026-09-14T08:38:25.382+00:00,ENTROPY,ASTER,-12.4699,-19.2699,1554.9,0.0128,1556.84,0.04,1555.0,1556.26,0.0000017483,0.0003266100,639.7,0.2
2026-09-14T08:38:25.382+00:00,ASTER,ENTROPY,8.0990,1.2990,1556.26,51.82,1555.0,0.358,1556.84,1554.9,0.0003266100,0.0000017483,0.2,639.7
2026-09-14T08:38:25.522+00:00,HL,ASTER,-13.7558,-20.5558,1554.7,4.82,1556.84,0.04,1554.8,1556.48,0.0000062500,0.0003266100,0.3,129.4
2026-09-14T08:38:25.522+00:00,ASTER,HL,10.7990,3.9990,1556.48,3.04,1554.8,1.0,1556.84,1554.7,0.0003266100,0.0000062500,129.4,0.3
2026-09-14T08:38:26.303+00:00,HL,ENTROPY,-1.9294,-8.7294,1554.7,5.738,1555.0,0.1652,1554.9,1554.9,0.0000062500,0.0000017483,0.3,129.1
2026-09-14T08:38:26.303+00:00,ENTROPY,HL,0.0000,-6.8000,1554.9,1.3864,1554.9,2.549,1555.0,1554.7,0.0000017483,0.0000062500,129.1,0.3
2026-09-14T08:38:26.436+00:00,ENTROPY,ASTER,-12.2130,-19.0130,1554.9,0.2066,1556.8,0.23,1555.0,1556.19,0.0000017483,0.0003266100,117.9,0.3
2026-09-14T08:38:26.436+00:00,ASTER,ENTROPY,7.6492,0.8492,1556.19,67.18,1555.0,0.1652,1556.8,1554.9,0.0003266100,0.0000017483,0.3,117.9
2026-09-14T08:38:26.539+00:00,HL,ASTER,-12.8562,-19.6562,1554.8,0.965,1556.8,0.23,1554.9,1556.19,0.0000062500,0.0003266100,74.0,0.2
2026-09-14T08:38:26.539+00:00,ASTER,HL,8.2922,1.4922,1556.19,67.18,1554.9,5.07,1556.8,1554.8,0.0003266100,0.0000062500,0.2,74.0
2026-09-14T08:38:27.310+00:00,HL,ENTROPY,-1.9294,-8.7294,1554.7,1.741,1555.0,0.7171,1554.8,1554.9,0.0000062500,0.0000017626,0.2,253.3
2026-09-14T08:38:27.310+00:00,ENTROPY,HL,0.6431,-6.1569,1554.9,0.0128,1554.8,11.373,1555.0,1554.7,0.0000017626,0.0000062500,253.3,0.2
2026-09-14T08:38:27.505+00:00,ENTROPY,ASTER,-11.6345,-18.4345,1554.9,0.1093,1556.71,0.23,1555.0,1556.26,0.0000017626,0.0003266100,0.4,211.7
2026-09-14T08:38:27.505+00:00,ASTER,ENTROPY,8.0992,1.2992,1556.26,3.04,1555.0,0.7171,1556.71,1554.9,0.0003266100,0.0000017626,211.7,0.4
2026-09-14T08:38:27.606+00:00,HL,ASTER,-12.9209,-19.7209,1554.7,1.741,1556.71,0.23,1554.8,1556.26,0.0000062500,0.0003266100,0.3,313.4
2026-09-14T08:38:27.606+00:00,ASTER,HL,9.3853,2.5853,1556.26,3.04,1554.8,3.27,1556.71,1554.7,0.0003266100,0.0000062500,313.4,0.3
2026-09-14T08:38:28.552+00:00,HL,ENTROPY,-1.9294,-8.7294,1554.7,1.741,1555.0,0.7171,1554.8,1554.9,0.0000062500,0.0000017626,243.6,0.3
2026-09-14T08:38:28.552+00:00,ENTROPY,HL,0.6431,-6.1569,1554.9,0.0965,1554.8,11.618,1555.0,1554.7,0.0000017626,0.0000062500,0.3,243.6
2026-09-14T08:38:28.552+00:00,ENTROPY,ASTER,-11.6345,-18.4345,1554.9,0.0965,1556.71,0.23,1555.0,1556.26,0.0000017626,0.0003266100,0.3,1259.5
2026-09-14T08:38:28.552+00:00,ASTER,ENTROPY,8.0992,1.2992,1556.26,3.04,1555.0,0.7171,1556.71,1554.9,0.0003266100,0.0000017626,1259.5,0.3
2026-09-14T08:38:29.953+00:00,HL,ENTROPY,-1.9294,-8.7294,1554.7,2.384,1555.0,0.7478,1554.8,1554.9,0.0000062500,0.0000017626,441.1,0.4
2026-09-14T08:38:29.953+00:00,ENTROPY,HL,0.6431,-6.1569,1554.9,0.1586,1554.8,11.618,1555.0,1554.7,0.0000017626,0.0000062500,0.4,441.1
2026-09-14T08:38:31.833+00:00,ENTROPY,ASTER,-11.6348,-18.4348,1554.9,0.1424,1556.71,0.23,1555.0,1556.1,0.0000017626,0.0003266100,1520.5,0.2
2026-09-14T08:38:31.833+00:00,ASTER,ENTROPY,7.0709,0.2709,1556.1,66.9,1555.0,0.7555,1556.71,1554.9,0.0003266100,0.0000017626,0.2,1520.5
2026-09-14T08:38:31.873+00:00,HL,ENTROPY,-1.9294,-8.7294,1554.7,2.384,1555.0,0.7555,1554.8,1554.9,0.0000062500,0.0000017626,0.2,1559.7
2026-09-14T08:38:31.873+00:00,HL,ASTER,-12.6001,-19.4001,1554.7,2.384,1556.66,42.0,1554.8,1556.03,0.0000062500,0.0003266100,0.2,2.0
2026-09-14T08:38:31.873+00:00,ENTROPY,HL,0.6431,-6.1569,1554.9,0.1424,1554.8,10.752,1555.0,1554.7,0.0000017626,0.0000062500,1559.7,0.2
2026-09-14T08:38:31.873+00:00,ASTER,HL,7.9072,1.1072,1556.03,35.7,1554.8,10.752,1556.66,1554.7,0.0003266100,0.0000062500,2.0,0.2
2026-09-14T08:38:32.880+00:00,HL,ENTROPY,-3.2160,-10.0160,1554.5,7.797,1555.0,0.7684,1554.8,1554.7,0.0000062500,0.0000017780,0.3,309.1
2026-09-14T08:38:32.880+00:00,HL,ASTER,-13.8216,-20.6216,1554.5,7.797,1556.65,0.04,1554.8,1556.19,0.0000062500,0.0003266100,0.3,331.3
2026-09-14T08:38:32.880+00:00,ENTROPY,HL,-0.6432,-7.4432,1554.7,1.3574,1554.8,34.014,1555.0,1554.5,0.0000017780,0.0000062500,309.1,0.3
2026-09-14T08:38:32.880+00:00,ASTER,HL,8.9358,2.1358,1556.19,3.04,1554.8,34.014,1556.65,1554.5,0.0003266100,0.0000062500,331.3,0.3
2026-09-14T08:38:32.880+00:00,ENTROPY,ASTER,-12.5355,-19.3355,1554.7,1.3574,1556.65,0.04,1554.8,1556.19,0.0000017780,0.0003266100,0.5,331.5
2026-09-14T08:38:32.880+00:00,ASTER,ENTROPY,8.9355,2.1355,1556.19,3.04,1554.8,0.1638,1556.65,1554.7,0.0003266100,0.0000017780,331.5,0.5
2026-09-14T08:38:33.907+00:00,HL,ENTROPY,-1.2864,-8.0864,1554.6,0.643,1554.8,0.1715,1554.7,1554.7,0.0000062500,0.0000017780,124.4,0.3
2026-09-14T08:38:33.907+00:00,ENTROPY,HL,0.0000,-6.8000,1554.7,1.3574,1554.7,6.3,1554.8,1554.6,0.0000017780,0.0000062500,0.3,124.4
2026-09-14T08:38:33.907+00:00,ENTROPY,ASTER,-13.6275,-20.4275,1554.7,1.3574,1556.82,2.6,1554.8,1556.41,0.0000017780,0.0003266100,0.3,47.3
2026-09-14T08:38:33.907+00:00,ASTER,ENTROPY,10.3492,3.5492,1556.41,3.04,1554.8,0.1715,1556.82,1554.7,0.0003266100,0.0000017780,47.3,0.3
2026-09-14T08:38:33.936+00:00,HL,ASTER,-14.2710,-21.0710,1554.6,0.643,1556.82,2.6,1554.7,1556.31,0.0000062500,0.0003266100,152.8,0.2
2026-09-14T08:38:33.936+00:00,ASTER,HL,10.3497,3.5497,1556.31,3.04,1554.7,6.3,1556.82,1554.6,0.0003266100,0.0000062500,0.2,152.8
2026-09-14T08:38:34.924+00:00,HL,ENTROPY,-1.2861,-8.0861,1555.0,0.643,1555.2,0.3532,1555.1,1555.0,0.0000062500,0.0000017780,0.4,270.7
2026-09-14T08:38:34.924+00:00,ENTROPY,HL,-0.6431,-7.4431,1555.0,1.1766,1555.1,2.716,1555.2,1555.0,0.0000017780,0.0000062500,270.7,0.4
2026-09-14T08:38:35.066+00:00,HL,ASTER,-12.8542,-19.6542,1555.0,1.608,1557.0,0.04,1555.1,1556.55,0.0000062500,0.0003266100,0.3,717.2
2026-09-14T08:38:35.066+00:00,ASTER,HL,9.3193,2.5193,1556.55,3.04,1555.1,8.345,1557.0,1555.0,0.0003266100,0.0000062500,717.2,0.3
2026-09-14T08:38:35.067+00:00,ENTROPY,ASTER,-12.2111,-19.0111,1555.1,0.2072,1557.0,0.04,1555.2,1556.55,0.0000017780,0.0003266100,0.5,717.5
2026-09-14T08:38:35.067+00:00,ASTER,ENTROPY,8.6763,1.8763,1556.55,3.04,1555.2,0.3532,1557.0,1555.1,0.0003266100,0.0000017780,717.5,0.5
2026-09-14T08:38:35.971+00:00,HL,ENTROPY,-1.2861,-8.0861,1555.0,8.266,1555.2,0.1115,1555.2,1555.1,0.0000062500,0.0000017780,0.3,192.1
2026-09-14T08:38:35.971+00:00,ENTROPY,HL,-0.6430,-7.4430,1555.1,0.2492,1555.2,1.653,1555.2,1555.0,0.0000017780,0.0000062500,192.1,0.3
2026-09-14T08:38:36.086+00:00,HL,ASTER,-12.5321,-19.3321,1555.1,30.621,1557.05,35.3,1555.2,1556.68,0.0000062500,0.0003266100,0.3,96.3
2026-09-14T08:38:36.086+00:00,ASTER,HL,9.5115,2.7115,1556.68,3.04,1555.2,23.34,1557.05,1555.1,0.0003266100,0.0000062500,96.3,0.3
2026-09-14T08:38:36.089+00:00,ENTROPY,ASTER,-12.5324,-19.3324,1555.1,0.2492,1557.05,35.3,1555.3,1556.43,0.0000017780,0.0003266100,118.4,0.1
2026-09-14T08:38:36.089+00:00,ASTER,ENTROPY,7.2624,0.4624,1556.43,0.01,1555.3,0.1773,1557.05,1555.1,0.0003266100,0.0000017780,0.1,118.4
2026-09-14T08:38:37.009+00:00,HL,ENTROPY,-1.9292,-8.7292,1554.9,34.943,1555.2,0.1675,1555.1,1555.1,0.0000062500,0.0000017780,0.3,679.0
2026-09-14T08:38:37.009+00:00,ENTROPY,HL,0.0000,-6.8000,1555.1,0.2492,1555.1,4.067,1555.2,1554.9,0.0000017780,0.0000062500,679.0,0.3
2026-09-14T08:38:37.090+00:00,HL,ASTER,-13.7544,-20.5544,1554.9,34.943,1557.04,47.24,1555.1,1556.43,0.0000062500,0.0003266100,80.8,0.1
2026-09-14T08:38:37.090+00:00,ENTROPY,ASTER,-13.1112,-19.9112,1555.0,1.1894,1557.04,47.24,1555.2,1556.43,0.0000017923,0.0003266100,80.7,0.1
2026-09-14T08:38:37.090+00:00,ASTER,HL,8.5483,1.7483,1556.43,0.01,1555.1,4.067,1557.04,1554.9,0.0003266100,0.0000062500,0.1,80.8
2026-09-14T08:38:37.090+00:00,ASTER,ENTROPY,7.9053,1.1053,1556.43,0.01,1555.2,0.1675,1557.04,1555.0,0.0003266100,0.0000017923,0.1,80.7
2026-09-14T08:38:38.037+00:00,HL,ENTROPY,-2.5724,-9.3724,1554.8,17.562,1555.2,0.3498,1554.9,1555.0,0.0000062500,0.0000017923,0.2,301.4
2026-09-14T08:38:38.037+00:00,ENTROPY,HL,0.6431,-6.1569,1555.0,0.0128,1554.9,22.378,1555.2,1554.8,0.0000017923,0.0000062500,301.4,0.2
2026-09-14T08:38:38.115+00:00,HL,ASTER,-13.3698,-20.1698,1554.8,17.562,1556.88,0.23,1554.9,1556.4,0.0000062500,0.0003266100,0.2,573.3
2026-09-14T08:38:38.115+00:00,ASTER,HL,9.6417,2.8417,1556.4,3.04,1554.9,23.044,1556.88,1554.8,0.0003266100,0.0000062500,573.3,0.2
2026-09-14T08:38:38.115+00:00,ENTROPY,ASTER,-12.0835,-18.8835,1555.0,0.0128,1556.88,0.23,1555.1,1556.4,0.0000017923,0.0003266100,0.4,573.5
2026-09-14T08:38:38.115+00:00,ASTER,ENTROPY,8.3556,1.5556,1556.4,3.04,1555.1,0.279,1556.88,1555.0,0.0003266100,0.0000017923,573.5,0.4
2026-09-14T08:38:39.061+00:00,HL,ENTROPY,-1.2860,-8.0860,1555.1,31.364,1555.3,0.278,1555.2,1555.2,0.0000062500,0.0000017923,0.3,80.9
2026-09-14T08:38:39.061+00:00,ENTROPY,HL,0.0000,-6.8000,1555.2,0.3221,1555.2,22.66,1555.3,1555.1,0.0000017923,0.0000062500,80.9,0.3
2026-09-14T08:38:39.117+00:00,ENTROPY,ASTER,-14.0740,-20.8740,1555.0,1.5388,1557.19,3.02,1555.3,1556.74,0.0000017923,0.0003266100,0.2,19.8
2026-09-14T08:38:39.117+00:00,ASTER,ENTROPY,9.2542,2.4542,1556.74,3.04,1555.3,0.3126,1557.19,1555.0,0.0003266100,0.0000017923,19.8,0.2
2026-09-14T08:38:39.171+00:00,HL,ASTER,-13.4316,-20.2316,1555.1,32.23,1557.19,3.02,1555.2,1556.66,0.0000062500,0.0003266100,110.5,0.2
2026-09-14T08:38:39.171+00:00,ASTER,HL,9.3828,2.5828,1556.66,0.78,1555.2,22.66,1557.19,1555.1,0.0003266100,0.0000062500,0.2,110.5
2026-09-14T08:38:40.063+00:00,HL,ENTROPY,-1.9291,-8.7291,1555.0,1.733,1555.3,0.4487,1555.2,1555.0,0.0000062500,0.0000017923,0.3,345.7
2026-09-14T08:38:40.063+00:00,ENTROPY,HL,-1.2861,-8.0861,1555.0,1.3739,1555.2,27.997,1555.3,1555.0,0.0000017923,0.0000062500,345.7,0.3
2026-09-14T08:38:40.197+00:00,HL,ASTER,-12.2750,-19.0750,1555.1,1.737,1557.01,0.04,1555.2,1556.73,0.0000062500,0.0003266100,0.3,98.1
2026-09-14T08:38:40.197+00:00,ASTER,HL,9.8328,3.0328,1556.73,3.04,1555.2,25.818,1557.01,1555.1,0.0003266100,0.0000062500,98.1,0.3
2026-09-14T08:38:40.197+00:00,ENTROPY,ASTER,-12.9177,-19.7177,1555.0,1.3611,1557.01,0.04,1555.3,1556.73,0.0000017923,0.0003266100,0.4,98.2
2026-09-14T08:38:40.197+00:00,ASTER,ENTROPY,9.1902,2.3902,1556.73,3.04,1555.3,0.4487,1557.01,1555.0,0.0003266100,0.0000017923,98.2,0.4
2026-09-14T08:38:41.166+00:00,HL,ENTROPY,-1.2860,-8.0860,1555.1,2.564,1555.3,0.2862,1555.2,1555.2,0.0000062500,0.0000017923,363.4,0.2
2026-09-14T08:38:41.166+00:00,ENTROPY,HL,0.0000,-6.8000,1555.2,0.1686,1555.2,23.942,1555.3,1555.1,0.0000017923,0.0000062500,0.2,363.4
2026-09-14T08:38:41.201+00:00,HL,ASTER,-13.0459,-19.8459,1555.1,2.564,1557.13,0.44,1555.2,1556.77,0.0000062500,0.0003266100,398.7,0.2
2026-09-14T08:38:41.201+00:00,ENTROPY,ASTER,-12.4028,-19.2028,1555.2,0.1686,1557.13,0.44,1555.3,1556.77,0.0000017923,0.0003266100,35.5,0.2
2026-09-14T08:38:41.201+00:00,ASTER,HL,10.0897,3.2897,1556.77,3.04,1555.2,23.942,1557.13,1555.1,0.0003266100,0.0000062500,0.2,398.7
2026-09-14T08:38:41.201+00:00,ASTER,ENTROPY,9.4467,2.6467,1556.77,3.04,1555.3,0.2862,1557.13,1555.2,0.0003266100,0.0000017923,0.2,35.5
2026-09-14T08:38:42.230+00:00,HL,ENTROPY,-1.2860,-8.0860,1555.1,36.27,1555.3,0.1119,1555.3,1555.2,0.0000062500,0.0000018064,0.5,867.9
2026-09-14T08:38:42.230+00:00,HL,ASTER,-13.3027,-20.1027,1555.1,36.27,1557.17,0.2,1555.3,1556.71,0.0000062500,0.0003266100,0.5,333.4
2026-09-14T08:38:42.230+00:00,ENTROPY,HL,-0.6430,-7.4430,1555.2,0.3317,1555.3,2.321,1555.3,1555.1,0.0000018064,0.0000062500,867.9,0.5
2026-09-14T08:38:42.230+00:00,ASTER,HL,9.0613,2.2613,1556.71,3.04,1555.3,2.321,1557.17,1555.1,0.0003266100,0.0000062500,333.4,0.5
2026-09-14T08:38:42.310+00:00,ENTROPY,ASTER,-12.6595,-19.4595,1555.2,0.3317,1557.17,0.2,1555.5,1556.71,0.0000018064,0.0003266100,0.4,413.2
2026-09-14T08:38:42.310+00:00,ASTER,ENTROPY,7.7756,0.9756,1556.71,3.04,1555.5,0.1911,1557.17,1555.2,0.0003266100,0.0000018064,413.2,0.4
2026-09-14T08:38:43.344+00:00,HL,ENTROPY,-0.6430,-7.4430,1555.2,8.165,1555.3,0.0964,1555.3,1555.2,0.0000062500,0.0000018064,196.5,0.3
2026-09-14T08:38:43.344+00:00,ENTROPY,HL,-0.6430,-7.4430,1555.2,0.1686,1555.3,22.022,1555.3,1555.2,0.0000018064,0.0000062500,0.3,196.5
2026-09-14T08:38:43.344+00:00,ENTROPY,ASTER,-12.7882,-19.5882,1555.2,0.1686,1557.19,0.04,1555.3,1556.8,0.0000018064,0.0003266100,0.3,400.8
2026-09-14T08:38:43.344+00:00,ASTER,ENTROPY,9.6393,2.8393,1556.8,3.04,1555.3,0.0964,1557.19,1555.2,0.0003266100,0.0000018064,400.8,0.3
2026-09-14T08:38:43.544+00:00,HL,ASTER,-12.7882,-19.5882,1555.2,8.165,1557.19,0.04,1555.3,1556.8,0.0000062500,0.0003266100,0.3,601.4
2026-09-14T08:38:43.544+00:00,ASTER,HL,9.6393,2.8393,1556.8,3.04,1555.3,24.557,1557.19,1555.2,0.0003266100,0.0000062500,601.4,0.3
2026-09-14T08:38:44.382+00:00,ENTROPY,ASTER,-12.6602,-19.4602,1555.2,0.2232,1557.17,0.2,1555.3,1556.57,0.0000018064,0.0003266100,838.8,0.3
2026-09-14T08:38:44.382+00:00,ASTER,ENTROPY,8.1616,1.3616,1556.57,2.72,1555.3,0.0964,1557.17,1555.2,0.0003266100,0.0000018064,0.3,838.8
2026-09-14T08:38:44.589+00:00,HL,ASTER,-12.2106,-19.0106,1555.2,8.165,1557.1,0.22,1555.3,1556.49,0.0000062500,0.0003266100,1046.1,0.2
2026-09-14T08:38:44.589+00:00,ASTER,HL,7.6477,0.8477,1556.49,38.28,1555.3,24.557,1557.1,1555.2,0.0003266100,0.0000062500,0.2,1046.1
2026-09-14T08:38:44.681+00:00,HL,ENTROPY,-1.2860,-8.0860,1555.1,1.737,1555.3,0.0964,1555.3,1555.2,0.0000062500,0.0000018064,0.3,1138.1
2026-09-14T08:38:44.681+00:00,ENTROPY,HL,-0.6430,-7.4430,1555.2,0.2232,1555.3,22.807,1555.3,1555.1,0.0000018064,0.0000062500,1138.1,0.3
2026-09-14T08:38:45.392+00:00,ENTROPY,ASTER,-12.7241,-19.5241,1555.2,0.2232,1557.18,0.23,1555.3,1556.72,0.0000018064,0.0003266100,710.4,0.3
2026-09-14T08:38:45.392+00:00,ASTER,ENTROPY,9.1254,2.3254,1556.72,3.04,1555.3,0.2858,1557.18,1555.2,0.0003266100,0.0000018064,0.3,710.4
2026-09-14T08:38:45.690+00:00,HL,ENTROPY,-0.6430,-7.4430,1555.2,0.806,1555.3,0.151,1555.3,1555.2,0.0000062500,0.0000018064,0.3,61.0
2026-09-14T08:38:45.690+00:00,HL,ASTER,-12.7240,-19.5240,1555.2,0.806,1557.18,0.23,1555.3,1556.77,0.0000062500,0.0003266100,0.3,153.5
2026-09-14T08:38:45.690+00:00,ENTROPY,HL,-0.6430,-7.4430,1555.2,0.3861,1555.3,23.378,1555.3,1555.2,0.0000018064,0.0000062500,61.0,0.3
2026-09-14T08:38:45.690+00:00,ASTER,HL,9.4466,2.6466,1556.77,3.04,1555.3,23.378,1557.18,1555.2,0.0003266100,0.0000062500,153.5,0.3
2026-09-14T08:38:46.536+00:00,ENTROPY,ASTER,-12.7243,-19.5243,1555.2,0.2309,1557.18,0.23,1555.3,1556.65,0.0000018064,0.0003266100,359.9,0.3
2026-09-14T08:38:46.536+00:00,ASTER,ENTROPY,8.6756,1.8756,1556.65,0.78,1555.3,0.1587,1557.18,1555.2,0.0003266100,0.0000018064,0.3,359.9
2026-09-14T08:38:46.730+00:00,HL,ASTER,-11.6968,-18.4968,1555.2,1.77,1557.02,0.23,1555.3,1556.41,0.0000062500,0.0003266100,442.6,0.2
2026-09-14T08:38:46.730+00:00,ASTER,HL,7.1338,0.3338,1556.41,3.5,1555.3,30.49,1557.02,1555.2,0.0003266100,0.0000062500,0.2,442.6
2026-09-14T08:38:46.938+00:00,HL,ENTROPY,-1.2860,-8.0860,1555.1,1.847,1555.3,0.1587,1555.3,1555.2,0.0000062500,0.0000018064,0.3,762.1
2026-09-14T08:38:46.938+00:00,ENTROPY,HL,-0.6430,-7.4430,1555.2,0.2309,1555.3,32.502,1555.3,1555.1,0.0000018064,0.0000062500,762.1,0.3
2026-09-14T08:38:47.536+00:00,ENTROPY,ASTER,-12.1477,-18.9477,1554.9,0.0446,1556.79,0.04,1555.3,1556.4,0.0000018136,0.0003266100,107.4,0.2
2026-09-14T08:38:47.536+00:00,ASTER,ENTROPY,7.0701,0.2701,1556.4,3.04,1555.3,0.8621,1556.79,1554.9,0.0003266100,0.0000018136,0.2,107.4
2026-09-14T08:38:47.762+00:00,HL,ASTER,-13.4345,-20.2345,1554.7,13.354,1556.79,0.04,1554.8,1556.5,0.0000062500,0.0003266100,0.4,62.3
2026-09-14T08:38:47.762+00:00,ASTER,HL,10.9276,4.1276,1556.5,3.04,1554.8,38.212,1556.79,1554.7,0.0003266100,0.0000062500,62.3,0.4
2026-09-14T08:38:48.048+00:00,HL,ENTROPY,-2.5724,-9.3724,1554.8,0.347,1555.2,0.3081,1554.9,1554.9,0.0000062500,0.0000018136,0.4,197.2
2026-09-14T08:38:48.048+00:00,ENTROPY,HL,0.0000,-6.8000,1554.9,1.2212,1554.9,9.415,1555.2,1554.8,0.0000018136,0.0000062500,197.2,0.4
2026-09-14T08:38:48.588+00:00,ENTROPY,ASTER,-11.4413,-18.2413,1554.9,1.471,1556.68,0.04,1555.2,1556.27,0.0000018136,0.0003266100,539.9,0.4
2026-09-14T08:38:48.588+00:00,ASTER,ENTROPY,6.8777,0.0777,1556.27,3.04,1555.2,0.3081,1556.68,1554.9,0.0003266100,0.0000018136,0.4,539.9
2026-09-14T08:38:48.827+00:00,HL,ASTER,-12.7274,-19.5274,1554.7,14.396,1556.68,0.04,1555.0,1556.42,0.0000062500,0.0003266100,0.3,111.3
2026-09-14T08:38:48.827+00:00,ASTER,HL,9.1277,2.3277,1556.42,3.04,1555.0,19.496,1556.68,1554.7,0.0003266100,0.0000062500,111.3,0.3
2026-09-14T08:38:49.359+00:00,HL,ENTROPY,-1.9294,-8.7294,1554.7,13.866,1555.0,0.7457,1554.9,1554.9,0.0000062500,0.0000018136,0.5,532.0
2026-09-14T08:38:49.359+00:00,ENTROPY,HL,0.0000,-6.8000,1554.9,0.0446,1554.9,26.166,1555.0,1554.7,0.0000018136,0.0000062500,532.0,0.5
2026-09-14T08:38:49.679+00:00,ENTROPY,ASTER,-11.4418,-18.2418,1554.9,0.0446,1556.68,0.04,1555.0,1556.19,0.0000018136,0.0003266100,852.2,0.2
2026-09-14T08:38:49.679+00:00,ASTER,ENTROPY,7.6493,0.8493,1556.19,40.1,1555.0,0.7457,1556.68,1554.9,0.0003266100,0.0000018136,0.2,852.2
2026-09-14T08:38:49.898+00:00,HL,ASTER,-12.0849,-18.8849,1554.8,1.677,1556.68,0.04,1554.9,1556.28,0.0000062500,0.0003266100,0.3,139.6
2026-09-14T08:38:49.898+00:00,ASTER,HL,8.8708,2.0708,1556.28,3.04,1554.9,33.355,1556.68,1554.8,0.0003266100,0.0000062500,139.6,0.3
2026-09-14T08:38:50.492+00:00,HL,ENTROPY,-2.5726,-9.3726,1554.6,3.42,1555.0,0.7457,1554.9,1554.9,0.0000062500,0.0000018136,0.3,468.9
2026-09-14T08:38:50.492+00:00,ENTROPY,HL,0.0000,-6.8000,1554.9,0.0446,1554.9,34.196,1555.0,1554.6,0.0000018136,0.0000062500,468.9,0.3
2026-09-14T08:38:50.784+00:00,ENTROPY,ASTER,-11.4421,-18.2421,1554.9,0.0446,1556.68,0.04,1555.0,1556.08,0.0000018136,0.0003266100,224.7,0.3
2026-09-14T08:38:50.784+00:00,ASTER,ENTROPY,6.9424,0.1424,1556.08,0.64,1555.0,0.8003,1556.68,1554.9,0.0003266100,0.0000018136,0.3,224.7
2026-09-14T08:38:50.971+00:00,HL,ASTER,-10.2871,-17.0871,1554.6,5.228,1556.2,0.23,1554.7,1555.9,0.0000062500,0.0003266100,282.9,0.1
2026-09-14T08:38:50.971+00:00,ASTER,HL,7.7153,0.9153,1555.9,3.04,1554.7,21.735,1556.2,1554.6,0.0003266100,0.0000062500,0.1,282.9
2026-09-14T08:38:51.521+00:00,HL,ENTROPY,-4.5027,-11.3027,1554.3,12.39,1555.0,0.8003,1554.4,1554.8,0.0000062500,0.0000018175,0.3,158.6
2026-09-14T08:38:51.521+00:00,ENTROPY,HL,2.5730,-4.2270,1554.8,0.0128,1554.4,49.022,1555.0,1554.3,0.0000018175,0.0000062500,158.6,0.3
2026-09-14T08:38:51.910+00:00,ENTROPY,ASTER,-11.3809,-18.1809,1554.3,0.2656,1556.07,0.04,1554.8,1555.8,0.0000018175,0.0003266100,0.6,336.9
2026-09-14T08:38:51.910+00:00,ASTER,ENTROPY,6.4299,-0.3701,1555.8,3.04,1554.8,0.3596,1556.07,1554.3,0.0003266100,0.0000018175,336.9,0.6
2026-09-14T08:38:52.024+00:00,HL,ASTER,-12.6685,-19.4685,1554.1,4.121,1556.07,0.04,1554.2,1555.8,0.0000062500,0.0003266100,0.4,452.7
2026-09-14T08:38:52.024+00:00,ASTER,HL,10.2891,3.4891,1555.8,3.04,1554.2,0.862,1556.07,1554.1,0.0003266100,0.0000062500,452.7,0.4
2026-09-14T08:38:52.558+00:00,HL,ENTROPY,-1.9302,-8.7302,1554.1,3.233,1554.4,0.1929,1554.2,1554.2,0.0000062500,0.0000018175,0.3,117.5
2026-09-14T08:38:52.558+00:00,ENTROPY,HL,0.0000,-6.8000,1554.2,0.4332,1554.2,26.6,1554.4,1554.1,0.0000018175,0.0000062500,117.5,0.3
2026-09-14T08:38:52.936+00:00,ENTROPY,ASTER,-13.1820,-19.9820,1554.2,0.4232,1556.25,0.23,1554.3,1555.87,0.0000018175,0.0003266100,100.7,0.2
2026-09-14T08:38:52.936+00:00,ASTER,ENTROPY,10.0955,3.2955,1555.87,3.04,1554.3,0.3688,1556.25,1554.2,0.0003266100,0.0000018175,0.2,100.7
2026-09-14T08:38:53.039+00:00,HL,ASTER,-13.9540,-20.7540,1554.1,4.489,1556.27,2.56,1554.2,1555.87,0.0000062500,0.0003266100,66.9,0.2
2026-09-14T08:38:53.039+00:00,ASTER,HL,10.7388,3.9388,1555.87,3.04,1554.2,22.735,1556.27,1554.1,0.0003266100,0.0000062500,0.2,66.9
2026-09-14T08:38:53.626+00:00,HL,ENTROPY,-2.5732,-9.3732,1554.3,0.862,1554.7,0.2634,1554.4,1554.5,0.0000062500,0.0000018175,0.3,196.6
2026-09-14T08:38:53.626+00:00,ENTROPY,HL,0.6433,-6.1567,1554.5,0.6444,1554.4,23.255,1554.7,1554.3,0.0000018175,0.0000062500,196.6,0.3
2026-09-14T08:38:53.942+00:00,ENTROPY,ASTER,-12.2820,-19.0820,1554.3,0.2876,1556.21,0.23,1554.4,1555.6,0.0000018175,0.0003266100,27.9,0.2
2026-09-14T08:38:53.942+00:00,ASTER,ENTROPY,7.7164,0.9164,1555.6,4.34,1554.4,0.0546,1556.21,1554.3,0.0003266100,0.0000018175,0.2,27.9
2026-09-14T08:38:54.053+00:00,HL,ASTER,-12.5396,-19.3396,1554.2,30.838,1556.15,40.64,1554.4,1555.53,0.0000062500,0.0003266100,0.2,62.1
2026-09-14T08:38:54.053+00:00,ASTER,HL,7.2666,0.4666,1555.53,0.04,1554.4,42.89,1556.15,1554.2,0.0003266100,0.0000062500,62.1,0.2
2026-09-14T08:38:54.693+00:00,HL,ENTROPY,-1.9302,-8.7302,1554.1,2.59,1554.4,0.2714,1554.2,1554.2,0.0000062500,0.0000018175,0.2,359.9
2026-09-14T08:38:54.693+00:00,ENTROPY,HL,0.0000,-6.8000,1554.2,0.114,1554.2,22.044,1554.4,1554.1,0.0000018175,0.0000062500,359.9,0.2
2026-09-14T08:38:54.954+00:00,ENTROPY,ASTER,-12.1539,-18.9539,1554.2,0.114,1556.09,0.23,1554.3,1555.65,0.0000018175,0.0003266100,150.6,0.2
2026-09-14T08:38:54.954+00:00,ASTER,ENTROPY,8.6813,1.8813,1555.65,3.04,1554.3,0.3688,1556.09,1554.2,0.0003266100,0.0000018175,0.2,150.6
2026-09-14T08:38:55.264+00:00,HL,ASTER,-12.7973,-19.5973,1554.1,1.625,1556.09,0.23,1554.2,1555.65,0.0000062500,0.0003266100,0.3,310.2
2026-09-14T08:38:55.264+00:00,ASTER,HL,9.3247,2.5247,1555.65,3.04,1554.2,34.224,1556.09,1554.1,0.0003266100,0.0000062500,310.2,0.3
2026-09-14T08:38:56.014+00:00,HL,ENTROPY,-1.2868,-8.0868,1554.1,1.625,1554.3,0.5505,1554.2,1554.2,0.0000062500,0.0000018175,0.2,1022.7
2026-09-14T08:38:56.014+00:00,ENTROPY,HL,0.0000,-6.8000,1554.2,0.114,1554.2,58.694,1554.3,1554.1,0.0000018175,0.0000062500,1022.7,0.2
2026-09-14T08:38:56.014+00:00,ENTROPY,ASTER,-11.0613,-17.8613,1554.2,0.114,1555.92,0.22,1554.3,1555.48,0.0000018175,0.0003266100,0.4,178.5
2026-09-14T08:38:56.014+00:00,ASTER,ENTROPY,7.5885,0.7885,1555.48,3.04,1554.3,0.7126,1555.92,1554.2,0.0003266100,0.0000018175,178.5,0.4
2026-09-14T08:38:56.292+00:00,HL,ASTER,-11.7047,-18.5047,1554.1,1.625,1555.92,0.22,1554.2,1555.49,0.0000062500,0.0003266100,0.4,139.6
2026-09-14T08:38:56.292+00:00,ASTER,HL,8.2962,1.4962,1555.49,3.04,1554.2,63.177,1555.92,1554.1,0.0003266100,0.0000062500,139.6,0.4
2026-09-14T08:38:57.050+00:00,HL,ENTROPY,-1.2868,-8.0868,1554.1,14.334,1554.3,0.0546,1554.2,1554.2,0.0000062500,0.0000018092,0.3,188.2
2026-09-14T08:38:57.050+00:00,ENTROPY,HL,0.0000,-6.8000,1554.2,0.2183,1554.2,22.566,1554.3,1554.1,0.0000018092,0.0000062500,188.2,0.3
2026-09-14T08:38:57.076+00:00,ENTROPY,ASTER,-12.2185,-19.0185,1554.2,0.2183,1556.1,4.98,1554.3,1555.47,0.0000018092,0.0003266100,214.6,0.2
2026-09-14T08:38:57.076+00:00,ASTER,ENTROPY,7.5240,0.7240,1555.47,45.83,1554.3,0.0546,1556.1,1554.2,0.0003266100,0.0000018092,0.2,214.6
2026-09-14T08:38:57.326+00:00,HL,ASTER,-14.4037,-21.2037,1554.1,15.299,1556.34,0.04,1554.2,1555.97,0.0000062500,0.0003266100,0.4,34.5
2026-09-14T08:38:57.326+00:00,ASTER,HL,11.3815,4.5815,1555.97,3.04,1554.2,31.654,1556.34,1554.1,0.0003266100,0.0000062500,34.5,0.4
2026-09-14T08:38:58.076+00:00,HL,ENTROPY,0.0000,-6.8000,1554.5,100.897,1554.5,0.0151,1554.6,1554.3,0.0000062500,0.0000018092,0.2,217.9
2026-09-14T08:38:58.076+00:00,ENTROPY,HL,-1.9299,-8.7299,1554.3,1.1766,1554.6,3.773,1554.5,1554.5,0.0000018092,0.0000062500,217.9,0.2
2026-09-14T08:38:58.098+00:00,ENTROPY,ASTER,-15.5579,-22.3579,1554.4,0.3598,1556.82,34.02,1554.5,1556.19,0.0000018092,0.0003266100,22.5,0.2
2026-09-14T08:38:58.098+00:00,ASTER,ENTROPY,10.8648,4.0648,1556.19,3.58,1554.5,0.0151,1556.82,1554.4,0.0003266100,0.0000018092,0.2,22.5
2026-09-14T08:38:58.479+00:00,HL,ASTER,-14.6571,-21.4571,1554.5,26.794,1556.78,10.3,1554.6,1556.36,0.0000062500,0.0003266100,182.7,0.2
2026-09-14T08:38:58.479+00:00,ASTER,HL,11.3143,4.5143,1556.36,3.04,1554.6,0.912,1556.78,1554.5,0.0003266100,0.0000062500,0.2,182.7
2026-09-14T08:38:59.115+00:00,ENTROPY,ASTER,-11.8288,-18.6288,1554.7,1.4851,1556.54,1.28,1554.9,1555.96,0.0000018092,0.0003266100,85.0,0.2
2026-09-14T08:38:59.115+00:00,ASTER,ENTROPY,6.8144,0.0144,1555.96,0.04,1554.9,0.1903,1556.54,1554.7,0.0003266100,0.0000018092,0.2,85.0
2026-09-14T08:38:59.131+00:00,HL,ENTROPY,-1.2864,-8.0864,1554.7,1.722,1554.9,0.1903,1554.8,1554.7,0.0000062500,0.0000018092,1.6,101.4
2026-09-14T08:38:59.131+00:00,ENTROPY,HL,-0.6432,-7.4432,1554.7,1.4851,1554.8,4.109,1554.9,1554.7,0.0000018092,0.0000062500,101.4,1.6
2026-09-14T08:38:59.487+00:00,HL,ASTER,-13.6288,-20.4288,1554.5,4.171,1556.62,9.19,1554.8,1556.22,0.0000062500,0.0003266100,90.7,0.2
2026-09-14T08:38:59.487+00:00,ASTER,HL,9.1287,2.3287,1556.22,3.04,1554.8,29.493,1556.62,1554.5,0.0003266100,0.0000062500,0.2,90.7
2026-09-14T08:39:00.213+00:00,HL,ENTROPY,-1.9296,-8.7296,1554.6,0.965,1554.9,0.2003,1554.7,1554.6,0.0000062500,0.0000018092,0.3,207.4
2026-09-14T08:39:00.213+00:00,ENTROPY,HL,-0.6432,-7.4432,1554.6,1.3681,1554.7,1.0,1554.9,1554.6,0.0000018092,0.0000062500,207.4,0.3
2026-09-14T08:39:00.589+00:00,ENTROPY,ASTER,-12.5358,-19.3358,1554.6,1.3681,1556.55,3.59,1554.8,1556.22,0.0000018092,0.0003266100,0.3,996.0
2026-09-14T08:39:00.589+00:00,ASTER,ENTROPY,9.1286,2.3286,1556.22,3.04,1554.8,0.3688,1556.55,1554.6,0.0003266100,0.0000018092,996.0,0.3
2026-09-14T08:39:00.602+00:00,HL,ASTER,-12.5360,-19.3360,1554.6,0.789,1556.55,3.59,1554.7,1556.22,0.0000062500,0.0003266100,0.2,1007.7
2026-09-14T08:39:00.602+00:00,ASTER,HL,9.7717,2.9717,1556.22,3.04,1554.7,1.288,1556.55,1554.6,0.0003266100,0.0000062500,1007.7,0.2
2026-09-14T08:39:01.397+00:00,HL,ENTROPY,-1.9297,-8.7297,1554.5,2.688,1554.8,0.3688,1554.7,1554.6,0.0000062500,0.0000018092,0.3,808.0
2026-09-14T08:39:01.397+00:00,ENTROPY,HL,-0.6432,-7.4432,1554.6,1.3681,1554.7,2.702,1554.8,1554.5,0.0000018092,0.0000062500,808.0,0.3
2026-09-14T08:39:01.638+00:00,HL,ASTER,-12.6656,-19.4656,1554.5,2.581,1556.47,0.78,1554.7,1555.93,0.0000062500,0.0003266100,76.1,0.2
2026-09-14T08:39:01.638+00:00,ENTROPY,ASTER,-12.6656,-19.4656,1554.5,0.192,1556.47,0.78,1554.7,1555.93,0.0000018266,0.0003266100,209.7,0.2
2026-09-14T08:39:01.638+00:00,ASTER,HL,7.9079,1.1079,1555.93,0.64,1554.7,3.71,1556.47,1554.5,0.0003266100,0.0000062500,0.2,76.1
2026-09-14T08:39:01.638+00:00,ASTER,ENTROPY,7.9079,1.1079,1555.93,0.64,1554.7,0.1803,1556.47,1554.5,0.0003266100,0.0000018266,0.2,209.7
2026-09-14T08:39:02.428+00:00,HL,ENTROPY,-1.2866,-8.0866,1554.3,12.528,1554.5,0.3216,1554.6,1554.4,0.0000062500,0.0000018266,0.3,35.0
2026-09-14T08:39:02.428+00:00,ENTROPY,HL,-1.2866,-8.0866,1554.4,0.2001,1554.6,27.782,1554.5,1554.3,0.0000018266,0.0000062500,35.0,0.3
2026-09-14T08:39:02.639+00:00,HL,ASTER,-13.3085,-20.1085,1554.4,0.643,1556.47,5.08,1554.6,1556.1,0.0000062500,0.0003275200,0.3,37.4
2026-09-14T08:39:02.639+00:00,ASTER,HL,9.6439,2.8439,1556.1,3.04,1554.6,30.014,1556.47,1554.4,0.0003275200,0.0000062500,37.4,0.3
2026-09-14T08:39:02.639+00:00,ENTROPY,ASTER,-13.3085,-20.1085,1554.4,0.2001,1556.47,2.93,1554.6,1556.1,0.0000018266,0.0003275200,133.9,0.4
2026-09-14T08:39:02.639+00:00,ASTER,ENTROPY,9.6439,2.8439,1556.1,3.04,1554.6,0.2319,1556.47,1554.4,0.0003275200,0.0000018266,0.4,133.9
2026-09-14T08:39:03.543+00:00,HL,ENTROPY,-1.2866,-8.0866,1554.4,4.588,1554.6,0.01,1554.5,1554.5,0.0000062500,0.0000018266,1.0,626.7
2026-09-14T08:39:03.543+00:00,ENTROPY,HL,0.0000,-6.8000,1554.5,0.218,1554.5,1.0,1554.6,1554.4,0.0000018266,0.0000062500,626.7,1.0
2026-09-14T08:39:03.815+00:00,HL,ASTER,-13.3088,-20.1088,1554.4,5.535,1556.47,8.06,1554.5,1556.1,0.0000062500,0.0003275200,0.3,558.1
2026-09-14T08:39:03.815+00:00,ASTER,HL,10.2870,3.4870,1556.1,3.04,1554.5,1.52,1556.47,1554.4,0.0003275200,0.0000062500,558.1,0.3
2026-09-14T08:39:04.135+00:00,ENTROPY,ASTER,-12.6659,-19.4659,1554.5,0.218,1556.47,8.06,1554.6,1555.84,0.0000018266,0.0003275200,1218.3,0.5
2026-09-14T08:39:04.135+00:00,ASTER,ENTROPY,7.9725,1.1725,1555.84,9.18,1554.6,0.01,1556.47,1554.5,0.0003275200,0.0000018266,0.5,1218.3
2026-09-14T08:39:04.609+00:00,HL,ENTROPY,-1.2866,-8.0866,1554.4,1.722,1554.6,0.2066,1554.5,1554.5,0.0000062500,0.0000018266,0.3,165.7
2026-09-14T08:39:04.609+00:00,ENTROPY,HL,0.0000,-6.8000,1554.5,0.0965,1554.5,1.52,1554.6,1554.4,0.0000018266,0.0000062500,165.7,0.3
2026-09-14T08:39:04.829+00:00,HL,ASTER,-13.5022,-20.3022,1554.3,9.999,1556.4,9.02,1554.5,1556.03,0.0000062500,0.0003275200,30.2,0.1
2026-09-14T08:39:04.829+00:00,ASTER,HL,9.8373,3.0373,1556.03,3.04,1554.5,1.92,1556.4,1554.3,0.0003275200,0.0000062500,0.1,30.2
2026-09-14T08:39:05.187+00:00,ENTROPY,ASTER,-12.7940,-19.5940,1554.5,0.317,1556.49,4.28,1554.6,1556.09,0.0000018266,0.0003275200,91.7,0.2
2026-09-14T08:39:05.187+00:00,ASTER,ENTROPY,9.5794,2.7794,1556.09,3.04,1554.6,0.01,1556.49,1554.5,0.0003275200,0.0000018266,0.2,91.7
2026-09-14T08:39:05.714+00:00,HL,ENTROPY,-0.6433,-7.4433,1554.5,11.54,1554.6,0.01,1554.6,1554.5,0.0000062500,0.0000018266,0.2,391.9
2026-09-14T08:39:05.714+00:00,ENTROPY,HL,-0.6433,-7.4433,1554.5,1.66,1554.6,21.735,1554.6,1554.5,0.0000018266,0.0000062500,391.9,0.2
2026-09-14T08:39:05.830+00:00,HL,ASTER,-12.7301,-19.5301,1554.5,11.647,1556.48,0.23,1554.6,1555.88,0.0000062500,0.0003275200,99.5,0.2
2026-09-14T08:39:05.830+00:00,ASTER,HL,8.2296,1.4296,1555.88,2.94,1554.6,22.378,1556.48,1554.5,0.0003275200,0.0000062500,0.2,99.5
2026-09-14T08:39:06.382+00:00,ENTROPY,ASTER,-12.7301,-19.5301,1554.5,1.4959,1556.48,0.23,1554.6,1555.88,0.0000018266,0.0003275200,501.4,0.3
2026-09-14T08:39:06.382+00:00,ASTER,ENTROPY,8.2296,1.4296,1555.88,2.94,1554.6,0.01,1556.48,1554.5,0.0003275200,0.0000018266,0.3,501.4
2026-09-14T08:39:06.785+00:00,HL,ENTROPY,-0.6433,-7.4433,1554.5,3.506,1554.6,0.01,1554.6,1554.5,0.0000062500,0.0000018350,0.2,904.3
2026-09-14T08:39:06.785+00:00,ENTROPY,HL,-0.6433,-7.4433,1554.5,1.4959,1554.6,28.444,1554.6,1554.5,0.0000018350,0.0000062500,904.3,0.2
2026-09-14T08:39:06.939+00:00,HL,ASTER,-11.8302,-18.6302,1554.5,3.506,1556.34,0.04,1554.6,1555.95,0.0000062500,0.0003275200,154.6,0.3
2026-09-14T08:39:06.939+00:00,ASTER,HL,8.6797,1.8797,1555.95,3.04,1554.6,28.444,1556.34,1554.5,0.0003275200,0.0000062500,0.3,154.6
2026-09-14T08:39:07.780+00:00,ENTROPY,ASTER,-11.8305,-18.6305,1554.5,0.1511,1556.34,0.04,1554.6,1555.75,0.0000018350,0.0003275200,625.8,0.2
2026-09-14T08:39:07.780+00:00,ASTER,ENTROPY,7.3941,0.5941,1555.75,3.51,1554.6,0.257,1556.34,1554.5,0.0003275200,0.0000018350,0.2,625.8
2026-09-14T08:39:07.863+00:00,HL,ENTROPY,-1.9299,-8.7299,1554.3,13.074,1554.6,0.257,1554.4,1554.5,0.0000062500,0.0000018350,0.2,708.8
2026-09-14T08:39:07.863+00:00,ENTROPY,HL,0.6433,-6.1567,1554.5,0.1511,1554.4,22.378,1554.6,1554.3,0.0000018350,0.0000062500,708.8,0.2
2026-09-14T08:39:08.037+00:00,HL,ASTER,-13.1173,-19.9173,1554.3,12.874,1556.34,0.04,1554.4,1555.75,0.0000062500,0.0003275200,150.5,0.2
2026-09-14T08:39:08.037+00:00,ASTER,HL,8.6806,1.8806,1555.75,3.51,1554.4,22.378,1556.34,1554.3,0.0003275200,0.0000062500,0.2,150.5
2026-09-14T08:39:09.082+00:00,HL,ENTROPY,-1.9299,-8.7299,1554.3,12.474,1554.6,0.257,1554.4,1554.5,0.0000062500,0.0000018350,0.3,1927.8
2026-09-14T08:39:09.082+00:00,HL,ASTER,-13.1167,-19.9167,1554.3,12.474,1556.34,0.04,1554.4,1556.06,0.0000062500,0.0003275200,0.3,471.7
2026-09-14T08:39:09.082+00:00,ENTROPY,HL,0.6433,-6.1567,1554.5,0.1511,1554.4,21.735,1554.6,1554.3,0.0000018350,0.0000062500,1927.8,0.3
2026-09-14T08:39:09.082+00:00,ASTER,HL,10.6734,3.8734,1556.06,3.04,1554.4,21.735,1556.34,1554.3,0.0003275200,0.0000062500,471.7,0.3
2026-09-14T08:39:09.082+00:00,ENTROPY,ASTER,-11.8305,-18.6305,1554.5,0.1511,1556.34,0.04,1554.6,1555.77,0.0000018350,0.0003275200,1928.0,0.4
2026-09-14T08:39:09.082+00:00,ASTER,ENTROPY,7.5227,0.7227,1555.77,2.56,1554.6,0.257,1556.34,1554.5,0.0003275200,0.0000018350,0.4,1928.0
2026-09-14T08:39:11.102+00:00,ENTROPY,ASTER,-12.4732,-19.2732,1554.4,0.1411,1556.34,0.04,1554.6,1555.98,0.0000018350,0.0003275200,0.3,1658.5
2026-09-14T08:39:11.102+00:00,ASTER,ENTROPY,8.8727,2.0727,1555.98,3.04,1554.6,0.0392,1556.34,1554.4,0.0003275200,0.0000018350,1658.5,0.3
2026-09-14T08:39:11.471+00:00,HL,ENTROPY,-1.9299,-8.7299,1554.3,13.449,1554.6,0.0392,1554.5,1554.4,0.0000062500,0.0000018350,0.3,370.7
2026-09-14T08:39:11.471+00:00,HL,ASTER,-14.1448,-20.9448,1554.3,13.449,1556.5,0.04,1554.5,1556.06,0.0000062500,0.0003275200,0.3,35.1
2026-09-14T08:39:11.471+00:00,ENTROPY,HL,-0.6433,-7.4433,1554.4,0.1411,1554.5,1.0,1554.6,1554.3,0.0000018350,0.0000062500,370.7,0.3
2026-09-14T08:39:11.471+00:00,ASTER,HL,10.0300,3.2300,1556.06,3.04,1554.5,1.0,1556.5,1554.3,0.0003275200,0.0000062500,35.1,0.3
