ts_utc,venue,bid,ask,mid,levels_bid,levels_ask,bid_usd_2bps,bid_usd_5bps,bid_usd_10bps,ask_usd_2bps,ask_usd_5bps,ask_usd_10bps
2026-09-19T09:31:39.332+00:00,ONDO,364.29000000,364.41000000,364.35000000,75,70,10249.97,75567.20,124120.09,8593.46,12468.74,66480.83
2026-09-19T09:31:39.332+00:00,HL,364.59000000,364.60000000,364.59500000,20,20,24344.00,53114.46,77822.83,23816.39,51755.25,69793.70
2026-09-19T09:31:40.327+00:00,ONDO,364.29000000,364.41000000,364.35000000,75,70,10249.97,75567.20,124120.09,8593.46,12468.74,66480.83
2026-09-19T09:31:40.327+00:00,HL,364.59000000,364.60000000,364.59500000,20,20,24344.00,53114.46,77822.83,23816.39,51755.25,69793.70
2026-09-19T09:31:41.323+00:00,ONDO,364.29000000,364.41000000,364.35000000,75,70,10249.97,75567.20,124120.09,8593.46,12468.74,66480.83
2026-09-19T09:31:41.323+00:00,HL,364.59000000,364.60000000,364.59500000,20,20,24344.00,53114.46,77822.83,23816.39,51755.25,69793.70
2026-09-19T09:31:42.321+00:00,ONDO,364.29000000,364.41000000,364.35000000,76,70,10249.97,75567.20,124120.09,8593.46,12468.74,66480.83
2026-09-19T09:31:42.321+00:00,HL,364.59000000,364.60000000,364.59500000,20,20,24344.00,53114.46,77822.83,23816.39,51755.25,69793.70
2026-09-19T09:31:43.320+00:00,ONDO,364.29000000,364.41000000,364.35000000,76,70,10249.97,75567.20,124120.09,8593.46,12468.74,66480.83
2026-09-19T09:31:43.320+00:00,HL,364.59000000,364.60000000,364.59500000,20,20,22475.98,63302.13,85159.26,41393.45,121616.70,131753.51
2026-09-19T09:31:44.320+00:00,ONDO,364.29000000,364.41000000,364.35000000,76,70,10249.97,75567.20,124120.09,8593.46,12468.74,66480.83
2026-09-19T09:31:44.320+00:00,HL,364.59000000,364.60000000,364.59500000,20,20,22475.98,63302.13,85159.26,41393.45,121616.70,131753.51
2026-09-19T09:31:45.322+00:00,ONDO,364.29000000,364.41000000,364.35000000,76,70,10249.97,75567.20,124120.09,8593.46,12468.74,66480.83
2026-09-19T09:31:45.322+00:00,HL,364.59000000,364.60000000,364.59500000,20,20,22475.98,63302.13,85159.26,41393.45,121616.70,131753.51
2026-09-19T09:31:46.334+00:00,ONDO,364.29000000,364.41000000,364.35000000,76,70,10249.97,75567.20,124120.09,8593.46,12468.74,66480.83
2026-09-19T09:31:46.334+00:00,HL,364.59000000,364.60000000,364.59500000,20,20,22475.98,63302.13,85159.26,41393.45,121616.70,131753.51
2026-09-19T09:31:47.333+00:00,ONDO,364.29000000,364.41000000,364.35000000,75,70,10249.97,75567.20,124120.09,8593.46,12468.74,66480.83
2026-09-19T09:31:47.333+00:00,HL,364.59000000,364.60000000,364.59500000,20,20,22475.98,63302.13,85159.26,41393.45,121616.70,131753.51
2026-09-19T09:31:48.319+00:00,ONDO,364.29000000,364.41000000,364.35000000,76,70,10249.97,75567.20,124120.09,8593.46,12468.74,66480.83
2026-09-19T09:31:48.319+00:00,HL,364.59000000,364.60000000,364.59500000,20,20,22475.98,51246.45,75954.82,23816.39,51755.25,69793.70
2026-09-19T09:31:49.321+00:00,ONDO,364.29000000,364.41000000,364.35000000,76,70,10249.97,75567.20,124120.09,8593.46,12468.74,66480.83
2026-09-19T09:31:49.321+00:00,HL,364.59000000,364.60000000,364.59500000,20,20,22475.98,51246.45,75954.82,23816.39,51755.25,69793.70
2026-09-19T09:31:50.321+00:00,ONDO,364.29000000,364.41000000,364.35000000,76,70,10249.97,75567.20,124120.09,8593.46,12468.74,66480.83
2026-09-19T09:31:50.321+00:00,HL,364.59000000,364.60000000,364.59500000,20,20,22475.98,51246.45,75954.82,23816.39,51755.25,69793.70
2026-09-19T09:31:51.323+00:00,ONDO,364.29000000,364.41000000,364.35000000,76,70,10249.97,75567.20,124120.09,8593.46,12468.74,66480.83
2026-09-19T09:31:51.323+00:00,HL,364.59000000,364.60000000,364.59500000,20,20,22475.98,51246.45,75954.82,23816.39,51755.25,69793.70
2026-09-19T09:31:52.320+00:00,ONDO,364.29000000,364.41000000,364.35000000,76,70,10249.97,75567.20,124120.09,8593.46,12468.74,66480.83
2026-09-19T09:31:52.320+00:00,HL,364.59000000,364.60000000,364.59500000,20,20,22475.98,51246.45,75954.82,23816.39,51755.25,69793.70
2026-09-19T09:31:53.321+00:00,ONDO,364.29000000,364.41000000,364.35000000,76,70,10249.97,75567.20,124120.09,8593.46,12468.74,66480.83
2026-09-19T09:31:53.321+00:00,HL,364.59000000,364.60000000,364.59500000,20,20,22475.98,51246.45,75954.82,23816.39,51755.25,69793.70
2026-09-19T09:31:54.324+00:00,ONDO,364.29000000,364.41000000,364.35000000,76,70,10249.97,75567.20,124120.09,8593.46,12468.74,66480.83
2026-09-19T09:31:54.324+00:00,HL,364.59000000,364.60000000,364.59500000,20,20,22475.98,51246.45,75954.82,23816.39,51755.25,69793.70
2026-09-19T09:31:55.325+00:00,ONDO,364.29000000,364.41000000,364.35000000,76,70,10249.97,75567.20,124120.09,8593.46,12468.74,66480.83
2026-09-19T09:31:55.325+00:00,HL,364.59000000,364.60000000,364.59500000,20,20,22475.98,51246.45,75954.82,23816.39,51755.25,69793.70
2026-09-19T09:31:56.326+00:00,ONDO,364.29000000,364.41000000,364.35000000,75,70,10249.97,75567.20,124120.09,8593.46,12468.74,66480.83
2026-09-19T09:31:56.326+00:00,HL,364.59000000,364.60000000,364.59500000,20,20,22475.98,51246.45,75954.82,23816.39,51755.25,69793.70
2026-09-19T09:31:57.322+00:00,ONDO,364.29000000,364.41000000,364.35000000,75,70,10249.97,75567.20,124120.09,8593.46,12468.74,66480.83
2026-09-19T09:31:57.322+00:00,HL,364.59000000,364.60000000,364.59500000,20,20,22475.98,51246.45,75954.82,23816.39,51755.25,69793.70
2026-09-19T09:31:58.321+00:00,ONDO,364.29000000,364.41000000,364.35000000,76,70,10249.97,75567.20,124120.09,8593.46,12468.74,66480.83
2026-09-19T09:31:58.321+00:00,HL,364.59000000,364.60000000,364.59500000,20,20,22475.98,51246.45,75954.82,23816.39,51755.25,69793.70
2026-09-19T09:31:59.324+00:00,ONDO,364.29000000,364.41000000,364.35000000,77,73,10420.73,37165.26,105934.85,8669.59,13911.35,66390.83
2026-09-19T09:31:59.324+00:00,HL,364.59000000,364.60000000,364.59500000,20,20,22475.98,46241.87,70950.24,24243.37,47173.12,65211.57
2026-09-19T09:32:00.333+00:00,ONDO,364.29000000,364.41000000,364.35000000,77,73,10420.73,37165.26,105934.85,8669.59,13911.35,66390.83
2026-09-19T09:32:00.333+00:00,HL,364.59000000,364.60000000,364.59500000,20,20,22475.98,46241.87,70950.24,24243.37,47173.12,65211.57
2026-09-19T09:32:01.322+00:00,ONDO,364.29000000,364.41000000,364.35000000,76,73,10420.73,37165.26,105934.85,8669.59,13911.35,66390.83
2026-09-19T09:32:01.322+00:00,HL,364.59000000,364.60000000,364.59500000,20,20,22475.98,46241.87,70950.24,24243.37,47173.12,65211.57
2026-09-19T09:32:02.329+00:00,ONDO,364.25000000,364.37000000,364.31000000,74,71,20053.27,76532.66,105570.18,8119.18,15077.63,65011.54
2026-09-19T09:32:02.329+00:00,HL,364.59000000,364.60000000,364.59500000,20,20,22475.98,46241.87,70950.24,24243.37,47173.12,65211.57
2026-09-19T09:32:03.332+00:00,ONDO,364.25000000,364.37000000,364.31000000,75,72,20417.48,76896.87,105934.39,8483.61,15442.06,65374.35
2026-09-19T09:32:03.332+00:00,HL,364.59000000,364.60000000,364.59500000,20,20,22475.98,46241.87,70950.24,24243.37,47173.12,65211.57
2026-09-19T09:32:04.319+00:00,ONDO,364.29000000,364.41000000,364.35000000,76,70,10221.44,36671.35,105440.94,8521.19,14153.36,66631.30
2026-09-19T09:32:04.319+00:00,HL,364.59000000,364.60000000,364.59500000,20,20,17957.66,49185.82,67481.82,32482.72,105728.30,185887.08
2026-09-19T09:32:05.320+00:00,ONDO,364.29000000,364.41000000,364.35000000,75,70,10221.44,36671.35,105440.94,8521.19,14153.36,66631.30
2026-09-19T09:32:05.320+00:00,HL,364.59000000,364.60000000,364.59500000,20,20,17957.66,49185.82,67481.82,32482.72,105728.30,185887.08
2026-09-19T09:32:06.334+00:00,ONDO,364.29000000,364.41000000,364.35000000,75,70,10221.44,36671.35,105440.94,8521.19,14153.36,66631.30
2026-09-19T09:32:06.334+00:00,HL,364.59000000,364.60000000,364.59500000,20,20,17957.66,49185.82,67481.82,32482.72,105728.30,185887.08
2026-09-19T09:32:07.334+00:00,ONDO,364.29000000,364.41000000,364.35000000,76,70,10221.44,36671.35,105440.94,8521.19,14153.36,66631.30
2026-09-19T09:32:07.334+00:00,HL,364.59000000,364.60000000,364.59500000,20,20,17957.66,49185.82,67481.82,32482.72,105728.30,185887.08
2026-09-19T09:32:08.332+00:00,ONDO,364.29000000,364.41000000,364.35000000,76,70,10221.44,36671.35,105440.94,8521.19,14153.36,66631.30
2026-09-19T09:32:08.332+00:00,HL,364.59000000,364.60000000,364.59500000,20,20,17957.66,49185.82,67481.82,32482.72,105728.30,185887.08
2026-09-19T09:32:09.330+00:00,ONDO,364.29000000,364.41000000,364.35000000,76,68,10221.44,36671.35,105440.94,8335.31,13788.89,66266.83
2026-09-19T09:32:09.330+00:00,HL,364.59000000,364.60000000,364.59500000,20,20,17957.66,49185.82,67481.82,32482.72,105728.30,185887.08
2026-09-19T09:32:10.331+00:00,ONDO,364.29000000,364.41000000,364.35000000,76,69,10221.44,36671.35,105440.94,8699.79,14153.37,66631.31
2026-09-19T09:32:10.331+00:00,HL,364.59000000,364.60000000,364.59500000,20,20,37302.52,68368.79,74411.53,35280.97,120127.76,200286.54
2026-09-19T09:32:11.335+00:00,ONDO,364.29000000,364.41000000,364.35000000,76,69,10221.44,75418.42,105438.98,8699.79,14153.37,66631.31
2026-09-19T09:32:11.335+00:00,HL,364.59000000,364.60000000,364.59500000,20,20,37302.52,68368.79,74411.53,35280.97,120127.76,200286.54
2026-09-19T09:32:12.321+00:00,ONDO,364.29000000,364.41000000,364.35000000,75,69,10221.44,75418.42,105438.98,8699.79,14153.37,66631.31
2026-09-19T09:32:12.321+00:00,HL,364.59000000,364.60000000,364.59500000,20,20,37302.52,68368.79,74411.53,35280.97,120127.76,200286.54
2026-09-19T09:32:13.324+00:00,ONDO,364.29000000,364.41000000,364.35000000,75,69,10221.44,75418.42,105438.98,8699.79,14153.37,66631.31
2026-09-19T09:32:13.324+00:00,HL,364.59000000,364.60000000,364.59500000,20,20,37302.52,68368.79,74411.53,35280.97,120127.76,200286.54
2026-09-19T09:32:14.323+00:00,ONDO,364.29000000,364.41000000,364.35000000,76,69,10221.44,75418.42,105438.98,8699.79,14153.37,66631.31
2026-09-19T09:32:14.323+00:00,HL,364.59000000,364.60000000,364.59500000,20,20,37302.52,68368.79,74411.53,35280.97,120127.76,200286.54
2026-09-19T09:32:15.325+00:00,ONDO,364.29000000,364.41000000,364.35000000,75,69,10221.44,75418.42,105438.98,8699.79,14153.37,66631.31
2026-09-19T09:32:15.325+00:00,HL,364.59000000,364.60000000,364.59500000,20,20,37302.52,68368.79,74411.53,36635.12,121481.91,201640.69
2026-09-19T09:32:16.329+00:00,ONDO,364.29000000,364.41000000,364.35000000,75,70,9857.17,75054.15,105074.71,8699.79,14153.37,66633.34
2026-09-19T09:32:16.329+00:00,HL,364.59000000,364.60000000,364.59500000,20,20,37302.52,68368.79,74411.53,36635.12,121481.91,201640.69
2026-09-19T09:32:17.325+00:00,ONDO,364.29000000,364.41000000,364.35000000,76,70,10221.43,75418.41,105438.97,8699.79,14153.37,66633.34
2026-09-19T09:32:17.325+00:00,HL,364.59000000,364.60000000,364.59500000,20,20,37302.52,68368.79,74411.53,36635.12,121481.91,201640.69
2026-09-19T09:32:18.332+00:00,ONDO,364.29000000,364.41000000,364.35000000,75,70,10221.43,75420.09,105440.65,8699.79,14153.37,66633.34
2026-09-19T09:32:18.332+00:00,HL,364.59000000,364.60000000,364.59500000,20,20,37302.52,68368.79,74411.53,36635.12,121481.91,201640.69
2026-09-19T09:32:19.331+00:00,ONDO,364.29000000,364.41000000,364.35000000,75,70,10221.43,75420.09,105440.65,8699.79,14153.37,66633.34
2026-09-19T09:32:19.331+00:00,HL,364.59000000,364.60000000,364.59500000,20,20,37302.52,68368.79,74411.53,36635.12,121481.91,201640.69
2026-09-19T09:32:20.329+00:00,ONDO,364.29000000,364.41000000,364.35000000,75,70,10221.43,75420.09,105440.65,8699.79,14153.37,66633.34
2026-09-19T09:32:20.329+00:00,HL,364.59000000,364.60000000,364.59500000,20,20,37302.52,68368.79,74411.53,36635.12,121481.91,201640.69
2026-09-19T09:32:21.328+00:00,ONDO,364.29000000,364.41000000,364.35000000,75,70,10221.43,75420.09,105440.65,8699.79,14153.37,66633.34
2026-09-19T09:32:21.328+00:00,HL,364.59000000,364.60000000,364.59500000,20,20,18868.01,43235.68,56519.55,18290.39,50852.49,73511.27
2026-09-19T09:32:22.323+00:00,ONDO,364.29000000,364.41000000,364.35000000,75,70,10221.43,75420.09,105440.65,8699.79,14153.37,66633.34
2026-09-19T09:32:22.323+00:00,HL,364.59000000,364.60000000,364.59500000,20,20,18868.01,43235.68,56519.55,18290.39,50852.49,73511.27
2026-09-19T09:32:23.327+00:00,ONDO,364.29000000,364.41000000,364.35000000,75,70,10221.43,75420.09,105440.65,8699.79,14153.37,66633.34
2026-09-19T09:32:23.327+00:00,HL,364.59000000,364.60000000,364.59500000,20,20,18868.01,43235.68,56519.55,18290.39,50852.49,73511.27
2026-09-19T09:32:24.329+00:00,ONDO,364.29000000,364.41000000,364.35000000,75,70,10221.43,75420.09,105440.65,8699.79,14153.37,66633.34
2026-09-19T09:32:24.329+00:00,HL,364.59000000,364.60000000,364.59500000,20,20,18868.01,43235.68,56519.55,18290.39,50852.49,73511.27
2026-09-19T09:32:25.321+00:00,ONDO,364.29000000,364.41000000,364.35000000,75,70,10221.43,75420.09,105440.65,8699.79,14153.37,66633.34
2026-09-19T09:32:25.321+00:00,HL,364.59000000,364.60000000,364.59500000,20,20,18868.01,43235.68,56519.55,18290.39,50852.49,73511.27
2026-09-19T09:32:26.320+00:00,ONDO,364.29000000,364.41000000,364.35000000,75,70,10221.43,75420.09,105440.65,8699.79,14153.37,66633.34
2026-09-19T09:32:26.320+00:00,HL,364.59000000,364.60000000,364.59500000,20,20,18868.01,43235.68,56519.55,17290.66,50139.80,72798.58
2026-09-19T09:32:27.334+00:00,ONDO,364.29000000,364.41000000,364.35000000,76,70,10221.43,75420.09,105440.65,8699.79,14153.37,66633.34
2026-09-19T09:32:27.334+00:00,HL,364.59000000,364.60000000,364.59500000,20,20,18868.01,43235.68,56519.55,17290.66,50139.80,72798.58
2026-09-19T09:32:28.327+00:00,ONDO,364.29000000,364.41000000,364.35000000,75,70,10221.43,75420.09,105440.65,8699.79,14153.37,66633.34
2026-09-19T09:32:28.327+00:00,HL,364.59000000,364.60000000,364.59500000,20,20,18868.01,43235.68,56519.55,17290.66,50139.80,72798.58
2026-09-19T09:32:29.329+00:00,ONDO,364.29000000,364.41000000,364.35000000,75,70,10221.43,75420.09,105440.65,8699.79,14153.37,66633.34
2026-09-19T09:32:29.329+00:00,HL,364.59000000,364.60000000,364.59500000,20,20,18868.01,43235.68,56519.55,17290.66,50139.80,72798.58
2026-09-19T09:32:30.327+00:00,ONDO,364.29000000,364.41000000,364.35000000,75,69,9857.17,75054.15,105074.71,8335.31,13788.89,66268.86
2026-09-19T09:32:30.327+00:00,HL,364.59000000,364.60000000,364.59500000,20,20,18868.01,43235.68,56519.55,17290.66,50139.80,72798.58
2026-09-19T09:32:31.329+00:00,ONDO,364.29000000,364.41000000,364.35000000,74,69,10221.42,75170.74,105191.30,8699.78,14153.36,66633.33
2026-09-19T09:32:31.329+00:00,HL,364.59000000,364.60000000,364.59500000,20,20,18868.01,43235.68,56519.55,17290.66,50139.80,72798.58
2026-09-19T09:32:32.323+00:00,ONDO,364.29000000,364.41000000,364.35000000,74,70,10618.04,75814.99,105835.55,8418.72,13872.31,66352.28
2026-09-19T09:32:32.323+00:00,HL,364.59000000,364.60000000,364.59500000,20,20,15546.47,51968.39,78651.34,41365.09,96080.94,135570.58
2026-09-19T09:32:33.325+00:00,ONDO,364.29000000,364.41000000,364.35000000,73,68,9707.42,75206.43,105226.99,8324.16,13817.74,66297.69
2026-09-19T09:32:33.325+00:00,HL,364.59000000,364.60000000,364.59500000,20,20,15546.47,51968.39,78651.34,41365.09,96080.94,135570.58
2026-09-19T09:32:34.327+00:00,ONDO,364.29000000,364.41000000,364.35000000,73,69,10071.67,75570.67,105591.23,8688.61,14182.19,66662.14
2026-09-19T09:32:34.327+00:00,HL,364.59000000,364.60000000,364.59500000,20,20,15546.47,51968.39,78651.34,41365.09,96080.94,135570.58
2026-09-19T09:32:35.326+00:00,ONDO,364.29000000,364.41000000,364.35000000,73,69,10071.67,75570.67,105591.23,8688.61,14182.19,66662.14
2026-09-19T09:32:35.326+00:00,HL,364.59000000,364.60000000,364.59500000,20,20,15546.47,51968.39,78651.34,41365.09,96080.94,135570.58
2026-09-19T09:32:36.329+00:00,ONDO,364.29000000,364.41000000,364.35000000,73,69,10071.67,75570.67,105591.23,8688.61,14182.19,66662.14
2026-09-19T09:32:36.329+00:00,HL,364.59000000,364.60000000,364.59500000,20,20,15546.47,51968.39,78651.34,41365.09,96080.94,135570.58
2026-09-19T09:32:37.324+00:00,ONDO,364.29000000,364.41000000,364.35000000,72,69,10071.67,75570.67,105591.23,8688.61,14182.19,66662.14
2026-09-19T09:32:37.324+00:00,HL,364.59000000,364.60000000,364.59500000,20,20,17321.14,53742.93,75599.20,41420.60,98254.44,137744.07
2026-09-19T09:32:38.324+00:00,ONDO,364.29000000,364.41000000,364.35000000,72,69,10071.67,75570.67,105591.23,8688.61,14182.19,66662.14
2026-09-19T09:32:38.324+00:00,HL,364.59000000,364.60000000,364.59500000,20,20,17321.14,53742.93,75599.20,41420.60,98254.44,137744.07
2026-09-19T09:32:39.326+00:00,ONDO,364.29000000,364.41000000,364.35000000,72,69,10071.67,75570.67,105591.23,8688.61,14182.19,66662.14
2026-09-19T09:32:39.326+00:00,HL,364.59000000,364.60000000,364.59500000,20,20,17321.14,53742.93,75599.20,41420.60,98254.44,137744.07
2026-09-19T09:32:40.328+00:00,ONDO,364.29000000,364.41000000,364.35000000,73,69,10071.67,75570.67,105591.23,8688.61,14182.19,66662.14
2026-09-19T09:32:40.328+00:00,HL,364.59000000,364.60000000,364.59500000,20,20,17321.14,53742.93,75599.20,41420.60,98254.44,137744.07
2026-09-19T09:32:41.326+00:00,ONDO,364.29000000,364.39000000,364.34000000,72,68,9608.67,75107.67,105128.04,8137.64,13631.22,66109.55
2026-09-19T09:32:41.326+00:00,HL,364.59000000,364.60000000,364.59500000,20,20,17321.14,53742.93,75599.20,41420.60,98254.44,137744.07
2026-09-19T09:32:42.330+00:00,ONDO,364.29000000,364.39000000,364.34000000,73,68,9608.67,75471.88,105492.25,8502.07,13995.65,66473.98
2026-09-19T09:32:42.330+00:00,HL,364.59000000,364.60000000,364.59500000,20,20,15412.32,46772.80,70052.70,68373.46,131627.91,141764.72
2026-09-19T09:32:43.323+00:00,ONDO,364.29000000,364.39000000,364.34000000,73,68,9608.67,75471.88,105492.25,8502.07,13995.65,66473.98
2026-09-19T09:32:43.323+00:00,HL,364.59000000,364.60000000,364.59500000,20,20,15412.32,46772.80,70052.70,68373.46,131627.91,141764.72
2026-09-19T09:32:44.321+00:00,ONDO,364.29000000,364.39000000,364.34000000,72,68,9608.67,75471.88,105492.25,8502.07,13995.65,66473.98
2026-09-19T09:32:44.321+00:00,HL,364.59000000,364.60000000,364.59500000,20,20,15412.32,46772.80,70052.70,68373.46,131627.91,141764.72
2026-09-19T09:32:45.320+00:00,ONDO,364.29000000,364.39000000,364.34000000,73,68,9608.67,75471.88,105492.25,8502.07,13995.65,66473.98
2026-09-19T09:32:45.320+00:00,HL,364.59000000,364.60000000,364.59500000,20,20,15412.32,46772.80,70052.70,68373.46,131627.91,141764.72
2026-09-19T09:32:46.322+00:00,ONDO,364.29000000,364.39000000,364.34000000,72,68,9608.67,75471.88,105492.25,8502.07,13995.65,66473.98
2026-09-19T09:32:46.322+00:00,HL,364.59000000,364.60000000,364.59500000,20,20,15412.32,46772.80,70052.70,68373.46,131627.91,141764.72
2026-09-19T09:32:47.327+00:00,ONDO,364.29000000,364.39000000,364.34000000,72,68,9608.67,75471.88,105492.25,8502.07,13995.65,66473.98
2026-09-19T09:32:47.327+00:00,HL,364.59000000,364.60000000,364.59500000,20,20,15412.32,46772.80,70052.70,68373.46,131627.91,141764.72
2026-09-19T09:32:48.331+00:00,ONDO,364.29000000,364.39000000,364.34000000,72,68,9608.67,75471.88,105492.25,8502.07,13995.65,66473.98
2026-09-19T09:32:48.331+00:00,HL,364.59000000,364.60000000,364.59500000,20,20,14412.39,45772.87,80079.52,64802.41,127549.57,137686.38
2026-09-19T09:32:49.324+00:00,ONDO,364.29000000,364.39000000,364.34000000,72,68,9608.67,75471.88,105492.25,8502.07,13995.65,66473.98
2026-09-19T09:32:49.324+00:00,HL,364.59000000,364.60000000,364.59500000,20,20,14412.39,45772.87,80079.52,64802.41,127549.57,137686.38
2026-09-19T09:32:50.328+00:00,ONDO,364.29000000,364.39000000,364.34000000,72,68,9608.67,75471.88,105492.25,8502.07,13995.65,66473.98
2026-09-19T09:32:50.328+00:00,HL,364.59000000,364.60000000,364.59500000,20,20,14412.39,45772.87,80079.52,64802.41,127549.57,137686.38
2026-09-19T09:32:51.330+00:00,ONDO,364.29000000,364.39000000,364.34000000,72,68,9608.67,75471.88,105492.25,8502.07,13995.65,66473.98
2026-09-19T09:32:51.330+00:00,HL,364.59000000,364.60000000,364.59500000,20,20,14412.39,45772.87,80079.52,64802.41,127549.57,137686.38
2026-09-19T09:32:52.328+00:00,ONDO,364.29000000,364.39000000,364.34000000,72,68,9608.67,75471.88,105492.25,8502.07,13995.65,66473.98
2026-09-19T09:32:52.328+00:00,HL,364.59000000,364.60000000,364.59500000,20,20,14412.39,45772.87,80079.52,64802.41,127549.57,137686.38
2026-09-19T09:32:53.327+00:00,ONDO,364.29000000,364.39000000,364.34000000,73,68,9608.67,75471.88,105492.25,8502.07,13995.65,66473.98
2026-09-19T09:32:53.327+00:00,HL,364.59000000,364.60000000,364.59500000,20,20,16206.75,35509.66,61241.57,25682.89,59077.16,69213.97
2026-09-19T09:32:54.332+00:00,ONDO,364.29000000,364.39000000,364.34000000,72,68,9608.67,75471.88,105492.25,8502.07,13995.65,66473.98
2026-09-19T09:32:54.332+00:00,HL,364.59000000,364.60000000,364.59500000,20,20,16206.75,35509.66,61241.57,25682.89,59077.16,69213.97
2026-09-19T09:32:55.319+00:00,ONDO,364.29000000,364.39000000,364.34000000,71,68,9608.67,75107.67,105128.04,8502.07,13995.65,66473.98
2026-09-19T09:32:55.319+00:00,HL,364.59000000,364.60000000,364.59500000,20,20,16206.75,35509.66,61241.57,25682.89,59077.16,69213.97
2026-09-19T09:32:56.326+00:00,ONDO,364.29000000,364.39000000,364.34000000,73,68,9972.89,75471.89,105492.26,8502.07,13995.65,66473.98
2026-09-19T09:32:56.326+00:00,HL,364.59000000,364.60000000,364.59500000,20,20,16206.75,35509.66,61241.57,25682.89,59077.16,69213.97
2026-09-19T09:32:57.328+00:00,ONDO,364.29000000,364.39000000,364.34000000,73,68,9972.89,75471.89,105492.26,8502.07,13995.65,66473.98
2026-09-19T09:32:57.328+00:00,HL,364.59000000,364.60000000,364.59500000,20,20,16206.75,35509.66,61241.57,25682.89,59077.16,69213.97
2026-09-19T09:32:58.320+00:00,ONDO,364.29000000,364.39000000,364.34000000,72,68,9972.89,75471.89,105492.26,8502.07,13995.65,66473.98
2026-09-19T09:32:58.320+00:00,HL,364.59000000,364.60000000,364.59500000,20,20,16206.75,35509.66,61241.57,25682.89,59077.16,69213.97
2026-09-19T09:32:59.330+00:00,ONDO,364.29000000,364.39000000,364.34000000,72,68,9972.89,75471.89,105492.26,8502.07,13995.65,66473.98
2026-09-19T09:32:59.330+00:00,HL,364.59000000,364.60000000,364.59500000,20,20,16206.75,35509.66,61241.57,25682.89,59077.09,69213.90
2026-09-19T09:33:00.334+00:00,ONDO,364.29000000,364.39000000,364.34000000,72,68,9972.89,75471.89,105492.26,8502.07,13995.65,66473.98
2026-09-19T09:33:00.334+00:00,HL,364.59000000,364.60000000,364.59500000,20,20,16206.75,35509.66,61241.57,25682.89,59077.09,69213.90
2026-09-19T09:33:01.323+00:00,ONDO,364.29000000,364.39000000,364.34000000,72,68,9972.89,75471.89,105492.26,8502.07,13995.65,66473.98
2026-09-19T09:33:01.323+00:00,HL,364.59000000,364.60000000,364.59500000,20,20,16206.75,35509.66,61241.57,25682.89,59077.09,69213.90
2026-09-19T09:33:02.320+00:00,ONDO,364.29000000,364.39000000,364.34000000,73,68,9972.89,75471.89,105492.26,8502.07,13995.65,66473.98
2026-09-19T09:33:02.320+00:00,HL,364.59000000,364.60000000,364.59500000,20,20,16206.75,35509.66,61241.57,25682.89,59077.09,69213.90
2026-09-19T09:33:03.323+00:00,ONDO,364.29000000,364.39000000,364.34000000,73,68,9972.89,75471.89,105492.26,8502.07,13995.65,66473.98
2026-09-19T09:33:03.323+00:00,HL,364.59000000,364.60000000,364.59500000,20,20,16206.75,35509.66,61241.57,25682.89,59077.09,69213.90
2026-09-19T09:33:04.327+00:00,ONDO,364.29000000,364.39000000,364.34000000,73,68,9972.89,75471.89,105492.26,8502.07,13995.65,66473.98
2026-09-19T09:33:04.327+00:00,HL,364.59000000,364.60000000,364.59500000,20,20,16206.75,35509.66,61241.57,25682.89,59082.56,69219.37
2026-09-19T09:33:05.325+00:00,ONDO,364.29000000,364.39000000,364.34000000,73,68,9972.89,75471.89,105492.26,8502.07,13995.65,66473.98
2026-09-19T09:33:05.325+00:00,HL,364.59000000,364.60000000,364.59500000,20,20,16206.75,35509.66,61241.57,25682.89,59082.56,69219.37
2026-09-19T09:33:06.321+00:00,ONDO,364.29000000,364.39000000,364.34000000,73,68,9972.89,75471.89,105492.26,8502.07,13995.65,66473.98
2026-09-19T09:33:06.321+00:00,HL,364.59000000,364.60000000,364.59500000,20,20,16206.75,35509.66,61241.57,25682.89,59082.56,69219.37
2026-09-19T09:33:07.321+00:00,ONDO,364.29000000,364.39000000,364.34000000,73,68,9972.89,75471.89,105492.26,8502.07,13995.65,66473.98
2026-09-19T09:33:07.321+00:00,HL,364.59000000,364.60000000,364.59500000,20,20,16206.75,35509.66,61241.57,25682.89,59082.56,69219.37
2026-09-19T09:33:08.328+00:00,ONDO,364.29000000,364.39000000,364.34000000,72,68,9972.89,75471.89,105492.26,8502.07,13995.65,66473.98
2026-09-19T09:33:08.328+00:00,HL,364.59000000,364.60000000,364.59500000,20,20,16206.75,35509.66,61241.57,25682.89,59082.56,69219.37
2026-09-19T09:33:09.320+00:00,ONDO,364.29000000,364.39000000,364.34000000,72,68,9972.89,75471.89,105492.26,8502.07,13995.65,66473.98
2026-09-19T09:33:09.320+00:00,HL,364.59000000,364.60000000,364.59500000,20,20,16206.75,47574.71,87638.74,42101.92,125677.98,140848.94
2026-09-19T09:33:10.329+00:00,ONDO,364.29000000,364.39000000,364.34000000,72,68,9972.89,75471.89,105492.26,8502.07,13995.65,66473.98
2026-09-19T09:33:10.329+00:00,HL,364.59000000,364.60000000,364.59500000,20,20,16206.75,47574.71,87638.74,42101.92,125677.98,140848.94
2026-09-19T09:33:11.333+00:00,ONDO,364.29000000,364.39000000,364.34000000,72,68,9972.89,75471.89,105492.26,8502.07,13995.65,66473.98
2026-09-19T09:33:11.333+00:00,HL,364.59000000,364.60000000,364.59500000,20,20,16206.75,47574.71,87638.74,42101.92,125677.98,140848.94
2026-09-19T09:33:12.325+00:00,ONDO,364.29000000,364.39000000,364.34000000,72,68,9972.89,75471.89,105492.26,8502.07,13995.65,66473.98
2026-09-19T09:33:12.325+00:00,HL,364.59000000,364.60000000,364.59500000,20,20,16206.75,47574.71,87638.74,42101.92,125677.98,140848.94
2026-09-19T09:33:13.325+00:00,ONDO,364.29000000,364.39000000,364.34000000,72,68,9972.89,75471.89,105492.26,8502.07,13995.65,66473.98
2026-09-19T09:33:13.325+00:00,HL,364.59000000,364.60000000,364.59500000,20,20,16206.75,47574.71,87638.74,42101.92,125677.98,140848.94
2026-09-19T09:33:14.331+00:00,ONDO,364.29000000,364.39000000,364.34000000,72,68,9972.89,75471.89,105492.26,8502.07,13995.65,66473.98
2026-09-19T09:33:14.331+00:00,HL,364.59000000,364.60000000,364.59500000,20,20,16206.75,47574.71,87638.74,42101.92,125677.98,140848.94
2026-09-19T09:33:15.328+00:00,ONDO,364.29000000,364.39000000,364.34000000,72,68,9972.89,75471.89,105492.26,8502.07,13995.65,66473.98
2026-09-19T09:33:15.328+00:00,HL,364.59000000,364.60000000,364.59500000,20,20,16206.75,35517.32,67007.10,28501.31,59792.54,74963.50
2026-09-19T09:33:16.321+00:00,ONDO,364.29000000,364.39000000,364.34000000,73,68,9972.89,75471.89,105492.26,8502.07,13995.65,66473.98
2026-09-19T09:33:16.321+00:00,HL,364.59000000,364.60000000,364.59500000,20,20,16206.75,35517.32,67007.10,28501.31,59792.54,74963.50
2026-09-19T09:33:17.321+00:00,ONDO,364.29000000,364.39000000,364.34000000,73,68,9972.89,75471.89,105492.26,8502.07,13995.65,66473.98
2026-09-19T09:33:17.321+00:00,HL,364.59000000,364.60000000,364.59500000,20,20,16206.75,35517.32,67007.10,28501.31,59792.54,74963.50
2026-09-19T09:33:18.322+00:00,ONDO,364.24000000,364.39000000,364.31500000,72,70,18559.67,75277.48,105297.85,8545.38,13819.75,66300.11
2026-09-19T09:33:18.322+00:00,HL,364.59000000,364.60000000,364.59500000,20,20,16206.75,35517.32,67007.10,28501.31,59792.54,74963.50
2026-09-19T09:33:19.326+00:00,ONDO,364.24000000,364.39000000,364.31500000,72,70,18559.67,75277.48,105297.85,8545.38,13819.75,66300.11
2026-09-19T09:33:19.326+00:00,HL,364.59000000,364.60000000,364.59500000,20,20,16206.75,35517.32,67007.10,28501.31,59792.54,74963.50
2026-09-19T09:33:20.325+00:00,ONDO,364.24000000,364.39000000,364.31500000,72,70,18559.67,75277.48,105297.85,8545.38,13819.75,66300.11
2026-09-19T09:33:20.325+00:00,HL,364.59000000,364.60000000,364.59500000,20,20,14412.39,33528.33,65204.16,28501.31,59820.86,74991.82
2026-09-19T09:33:21.329+00:00,ONDO,364.24000000,364.39000000,364.31500000,72,70,18559.67,75277.48,105297.85,8545.38,13819.75,66300.11
2026-09-19T09:33:21.329+00:00,HL,364.59000000,364.60000000,364.59500000,20,20,14412.39,33528.33,65204.16,28501.31,59820.86,74991.82
2026-09-19T09:33:22.333+00:00,ONDO,364.24000000,364.39000000,364.31500000,72,70,18559.67,75277.48,105297.85,8545.38,13819.75,66300.11
2026-09-19T09:33:22.333+00:00,HL,364.59000000,364.60000000,364.59500000,20,20,14412.39,33528.33,65204.16,28501.31,59820.86,74991.82
2026-09-19T09:33:23.323+00:00,ONDO,364.24000000,364.39000000,364.31500000,72,70,18559.67,75277.48,105297.85,8545.38,13819.75,66300.11
2026-09-19T09:33:23.323+00:00,HL,364.59000000,364.60000000,364.59500000,20,20,14412.39,33528.33,65204.16,28501.31,59820.86,74991.82
2026-09-19T09:33:24.327+00:00,ONDO,364.24000000,364.39000000,364.31500000,72,70,18559.67,75277.48,105297.85,8545.38,13819.75,66300.11
2026-09-19T09:33:24.327+00:00,HL,364.59000000,364.60000000,364.59500000,20,20,14412.39,33528.33,65204.16,28501.31,59820.86,74991.82
2026-09-19T09:33:25.329+00:00,ONDO,364.24000000,364.39000000,364.31500000,72,70,18559.67,75277.48,105297.85,8545.38,13819.75,66300.11
2026-09-19T09:33:25.329+00:00,HL,364.59000000,364.60000000,364.59500000,20,20,14412.39,33528.33,65204.16,28501.31,59820.86,74991.82
2026-09-19T09:33:26.326+00:00,ONDO,364.24000000,364.39000000,364.31500000,72,70,18559.67,75277.48,105297.85,8545.38,13819.75,66300.11
2026-09-19T09:33:26.326+00:00,HL,364.59000000,364.60000000,364.59500000,20,20,14412.39,45585.91,85836.47,69171.83,128260.29,143431.25
2026-09-19T09:33:27.327+00:00,ONDO,364.24000000,364.39000000,364.31500000,72,70,18559.67,75277.48,105297.85,8545.38,13819.75,66300.11
2026-09-19T09:33:27.327+00:00,HL,364.59000000,364.60000000,364.59500000,20,20,14412.39,45585.91,85836.47,69171.83,128260.29,143431.25
2026-09-19T09:33:28.322+00:00,ONDO,364.24000000,364.39000000,364.31500000,72,70,18559.67,75277.48,105297.85,8545.38,13819.75,66300.11
2026-09-19T09:33:28.322+00:00,HL,364.59000000,364.60000000,364.59500000,20,20,14412.39,45585.91,85836.47,69171.83,128260.29,143431.25
2026-09-19T09:33:29.331+00:00,ONDO,364.24000000,364.39000000,364.31500000,71,70,18559.67,75277.48,105297.85,8545.38,13819.75,66300.11
2026-09-19T09:33:29.331+00:00,HL,364.59000000,364.60000000,364.59500000,20,20,14412.39,45585.91,85836.47,69171.83,128260.29,143431.25
2026-09-19T09:33:30.324+00:00,ONDO,364.25000000,364.39000000,364.32000000,72,69,19725.31,74913.69,104934.06,8180.96,13455.33,65935.69
2026-09-19T09:33:30.324+00:00,HL,364.59000000,364.60000000,364.59500000,20,20,14412.39,45585.91,85836.47,69171.83,128260.29,143431.25
2026-09-19T09:33:31.327+00:00,ONDO,364.25000000,364.37000000,364.31000000,73,69,20089.45,75277.83,105298.20,8545.33,13819.69,65286.08
2026-09-19T09:33:31.327+00:00,HL,364.59000000,364.60000000,364.59500000,20,20,14412.39,33528.33,65204.16,30111.38,54838.39,70009.35
2026-09-19T09:33:32.331+00:00,ONDO,364.25000000,364.37000000,364.31000000,73,69,20089.45,75277.83,105298.20,8545.33,13819.69,65286.08
2026-09-19T09:33:32.331+00:00,HL,364.59000000,364.60000000,364.59500000,20,20,14412.39,33528.33,65204.16,30111.38,54838.39,70009.35
2026-09-19T09:33:33.333+00:00,ONDO,364.25000000,364.37000000,364.31000000,73,69,20089.45,75277.83,105298.20,8545.33,13819.69,65286.08
2026-09-19T09:33:33.333+00:00,HL,364.59000000,364.60000000,364.59500000,20,20,14412.39,33528.33,65204.16,30111.38,54838.39,70009.35
2026-09-19T09:33:34.331+00:00,ONDO,364.25000000,364.37000000,364.31000000,73,69,20089.45,75277.83,105298.20,8545.33,13819.69,65286.08
2026-09-19T09:33:34.331+00:00,HL,364.59000000,364.60000000,364.59500000,20,20,14412.39,33528.33,65204.16,30111.38,54838.39,70009.35
2026-09-19T09:33:35.319+00:00,ONDO,364.25000000,364.37000000,364.31000000,73,69,20089.45,75277.83,105298.20,8545.33,13819.69,65286.08
2026-09-19T09:33:35.319+00:00,HL,364.59000000,364.60000000,364.59500000,20,20,14412.39,33528.33,65204.16,30111.38,54838.39,70009.35
2026-09-19T09:33:36.321+00:00,ONDO,364.25000000,364.37000000,364.31000000,73,69,20089.45,75277.83,105298.20,8545.33,13819.69,65286.08
2026-09-19T09:33:36.321+00:00,HL,364.59000000,364.60000000,364.59500000,20,20,9860.35,35051.69,60969.64,65714.13,124802.24,134939.05
2026-09-19T09:33:37.320+00:00,ONDO,364.25000000,364.37000000,364.31000000,73,69,20089.45,75277.83,105298.20,8545.33,13819.69,65286.08
2026-09-19T09:33:37.320+00:00,HL,364.59000000,364.60000000,364.59500000,20,20,9860.35,35051.69,60969.64,65714.13,124802.24,134939.05
2026-09-19T09:33:38.321+00:00,ONDO,364.25000000,364.37000000,364.31000000,73,69,20089.45,75277.83,105298.20,8545.33,13819.69,65286.08
2026-09-19T09:33:38.321+00:00,HL,364.59000000,364.60000000,364.59500000,20,20,9860.35,35051.69,60969.64,65714.13,124802.24,134939.05
2026-09-19T09:33:39.326+00:00,ONDO,364.25000000,364.37000000,364.31000000,73,69,20089.45,75277.83,105298.20,8545.33,13819.69,65286.08
2026-09-19T09:33:39.326+00:00,HL,364.59000000,364.60000000,364.59500000,20,20,9860.35,35051.69,60969.64,65714.13,124802.24,134939.05
2026-09-19T09:33:40.323+00:00,ONDO,364.25000000,364.37000000,364.31000000,73,69,20089.45,75277.83,105298.20,8545.33,13819.69,65286.08
2026-09-19T09:33:40.323+00:00,HL,364.59000000,364.60000000,364.59500000,20,20,9860.35,35051.69,60969.64,65714.13,124802.24,134939.05
2026-09-19T09:33:41.322+00:00,ONDO,364.21000000,364.41000000,364.31000000,73,70,19262.49,75196.14,99070.32,9893.95,64715.20,65929.54
2026-09-19T09:33:41.322+00:00,HL,364.59000000,364.60000000,364.59500000,20,20,9860.35,22993.36,54669.18,27426.00,58784.53,68921.34
2026-09-19T09:33:42.322+00:00,ONDO,364.21000000,364.41000000,364.31000000,73,70,19512.92,75198.98,124071.52,9893.95,64715.22,65929.56
2026-09-19T09:33:42.322+00:00,HL,364.59000000,364.60000000,364.59500000,20,20,9860.35,22993.36,54669.18,27426.00,58784.53,68921.34
2026-09-19T09:33:43.321+00:00,ONDO,364.21000000,364.41000000,364.31000000,73,71,19876.58,75562.64,124435.18,10258.37,65079.64,66293.98
2026-09-19T09:33:43.321+00:00,HL,364.59000000,364.60000000,364.59500000,20,20,9860.35,22993.36,54669.18,27426.00,58784.53,68921.34
2026-09-19T09:33:44.322+00:00,ONDO,364.21000000,364.41000000,364.31000000,73,71,19876.58,75562.64,124435.18,10258.37,65079.64,66293.98
2026-09-19T09:33:44.322+00:00,HL,364.59000000,364.60000000,364.59500000,20,20,9860.35,22993.36,54669.18,27426.00,58784.53,68921.34
2026-09-19T09:33:45.320+00:00,ONDO,364.21000000,364.41000000,364.31000000,73,71,19876.58,75562.64,124435.18,10258.37,65079.64,66293.98
2026-09-19T09:33:45.320+00:00,HL,364.59000000,364.60000000,364.59500000,20,20,9860.35,22993.36,54669.18,27426.00,58784.53,68921.34
2026-09-19T09:33:46.320+00:00,ONDO,364.21000000,364.41000000,364.31000000,73,71,19876.58,75562.64,124435.18,10258.37,65079.64,66293.98
2026-09-19T09:33:46.320+00:00,HL,364.54000000,364.55000000,364.54500000,20,20,8228.01,52289.75,69425.60,33949.17,94749.98,128925.95
2026-09-19T09:33:47.324+00:00,ONDO,364.21000000,364.41000000,364.31000000,73,71,19876.58,75562.64,124435.18,10258.37,65079.64,66293.98
2026-09-19T09:33:47.324+00:00,HL,364.54000000,364.55000000,364.54500000,20,20,8228.01,52289.75,69425.60,33949.17,94749.98,128925.95
2026-09-19T09:33:48.322+00:00,ONDO,364.21000000,364.41000000,364.31000000,73,71,19876.58,75562.64,124435.18,10258.37,65079.64,66293.98
2026-09-19T09:33:48.322+00:00,HL,364.54000000,364.55000000,364.54500000,20,20,8228.01,52289.75,69425.60,33949.17,94749.98,128925.95
2026-09-19T09:33:49.323+00:00,ONDO,364.21000000,364.41000000,364.31000000,73,71,19876.58,75562.64,124435.18,10258.37,65079.64,66293.98
2026-09-19T09:33:49.323+00:00,HL,364.54000000,364.55000000,364.54500000,20,20,8228.01,52289.75,69425.60,33949.17,94749.98,128925.95
2026-09-19T09:33:50.327+00:00,ONDO,364.21000000,364.41000000,364.31000000,73,71,19876.58,75562.64,124435.18,10258.37,65079.64,66293.98
2026-09-19T09:33:50.327+00:00,HL,364.54000000,364.55000000,364.54500000,20,20,8228.01,52289.75,69425.60,33949.17,94749.98,128925.95
2026-09-19T09:33:51.327+00:00,ONDO,364.21000000,364.41000000,364.31000000,73,71,19876.58,75562.64,124435.18,10258.37,65079.64,66293.98
2026-09-19T09:33:51.327+00:00,HL,364.54000000,364.55000000,364.54500000,20,20,8228.01,52289.75,69425.60,33949.17,94749.98,128925.95
2026-09-19T09:33:52.323+00:00,ONDO,364.21000000,364.41000000,364.31000000,73,71,19876.58,75562.64,124435.18,10258.37,65079.64,66293.98
2026-09-19T09:33:52.323+00:00,HL,364.54000000,364.55000000,364.54500000,20,20,6525.75,38529.33,47122.14,16604.42,54473.59,59296.74
2026-09-19T09:33:53.325+00:00,ONDO,364.21000000,364.41000000,364.31000000,73,71,19876.58,75562.64,124435.18,10258.37,65079.64,66293.98
2026-09-19T09:33:53.325+00:00,HL,364.54000000,364.55000000,364.54500000,20,20,6525.75,38529.33,47122.14,16604.42,54473.59,59296.74
2026-09-19T09:33:54.326+00:00,ONDO,364.21000000,364.41000000,364.31000000,73,71,19876.58,75562.64,124435.18,10258.37,65079.64,66293.98
2026-09-19T09:33:54.326+00:00,HL,364.54000000,364.55000000,364.54500000,20,20,6525.75,38529.33,47122.14,16604.42,54473.59,59296.74
2026-09-19T09:33:55.334+00:00,ONDO,364.21000000,364.41000000,364.31000000,73,71,19876.58,75562.64,124435.18,10258.37,65079.64,66293.98
2026-09-19T09:33:55.334+00:00,HL,364.54000000,364.55000000,364.54500000,20,20,6525.75,38529.33,47122.14,16604.42,54473.59,59296.74
2026-09-19T09:33:56.320+00:00,ONDO,364.21000000,364.41000000,364.31000000,73,71,19876.58,75562.64,124435.18,10258.37,65079.64,66293.98
2026-09-19T09:33:56.320+00:00,HL,364.54000000,364.55000000,364.54500000,20,20,6525.75,38529.33,47122.14,16604.42,54473.59,59296.74
2026-09-19T09:33:57.323+00:00,ONDO,364.21000000,364.41000000,364.31000000,73,71,19876.58,75562.64,124435.18,10258.37,65079.64,66293.98
2026-09-19T09:33:57.323+00:00,HL,364.54000000,364.55000000,364.54500000,20,20,13152.65,51854.83,69021.88,15604.41,94750.38,127948.48
2026-09-19T09:33:58.322+00:00,ONDO,364.21000000,364.41000000,364.31000000,73,71,19876.58,75562.64,124435.18,10258.37,65079.64,66293.98
2026-09-19T09:33:58.322+00:00,HL,364.54000000,364.55000000,364.54500000,20,20,13152.65,51854.83,69021.88,15604.41,94750.38,127948.48
2026-09-19T09:33:59.335+00:00,ONDO,364.21000000,364.41000000,364.31000000,73,71,9877.30,75562.09,124434.63,10258.37,65079.64,66293.98
2026-09-19T09:33:59.335+00:00,HL,364.54000000,364.55000000,364.54500000,20,20,13152.65,51854.83,69021.88,15604.41,94750.38,127948.48
2026-09-19T09:34:00.322+00:00,ONDO,364.21000000,364.41000000,364.31000000,73,71,9877.30,75562.09,124434.63,10258.37,65280.15,66494.48
2026-09-19T09:34:00.322+00:00,HL,364.54000000,364.55000000,364.54500000,20,20,13152.65,51854.83,69021.88,15604.41,94750.38,127948.48
2026-09-19T09:34:01.324+00:00,ONDO,364.21000000,364.41000000,364.31000000,73,71,9877.30,75562.09,124434.63,10258.37,65280.15,66494.48
2026-09-19T09:34:01.324+00:00,HL,364.54000000,364.55000000,364.54500000,20,20,13152.65,51854.83,69021.88,15604.41,94750.38,127948.48
2026-09-19T09:34:02.322+00:00,ONDO,364.21000000,364.41000000,364.31000000,73,71,9877.30,75562.09,124434.63,10258.37,65280.15,66494.48
2026-09-19T09:34:02.322+00:00,HL,364.54000000,364.55000000,364.54500000,20,20,13152.65,51854.83,69021.88,15604.41,94750.38,127948.48
2026-09-19T09:34:03.333+00:00,ONDO,364.21000000,364.41000000,364.31000000,73,71,9877.30,75562.09,124434.63,10258.37,65280.15,66494.48
2026-09-19T09:34:03.333+00:00,HL,364.52000000,364.53000000,364.52500000,20,20,15703.15,63703.62,72095.09,12930.07,94413.38,98746.66
2026-09-19T09:34:04.323+00:00,ONDO,364.21000000,364.41000000,364.31000000,73,71,9877.30,75562.09,124434.63,10258.37,65280.15,66494.48
2026-09-19T09:34:04.323+00:00,HL,364.52000000,364.53000000,364.52500000,20,20,15703.15,63703.62,72095.09,12930.07,94413.38,98746.66
2026-09-19T09:34:05.319+00:00,ONDO,364.21000000,364.41000000,364.31000000,73,71,9877.30,75562.09,124434.63,10258.37,65280.15,66494.48
2026-09-19T09:34:05.319+00:00,HL,364.52000000,364.53000000,364.52500000,20,20,15703.15,63703.62,72095.09,12930.07,94413.38,98746.66
2026-09-19T09:34:06.330+00:00,ONDO,364.21000000,364.41000000,364.31000000,73,71,9877.30,75562.09,124434.63,10258.37,65280.15,66494.48
2026-09-19T09:34:06.330+00:00,HL,364.52000000,364.53000000,364.52500000,20,20,15703.15,63703.62,72095.09,12930.07,94413.38,98746.66
2026-09-19T09:34:07.330+00:00,ONDO,364.21000000,364.41000000,364.31000000,73,71,9877.30,75562.09,124434.63,10258.37,65280.15,66494.48
2026-09-19T09:34:07.330+00:00,HL,364.52000000,364.53000000,364.52500000,20,20,15703.15,63703.62,72095.09,12930.07,94413.38,98746.66
2026-09-19T09:34:08.332+00:00,ONDO,364.21000000,364.41000000,364.31000000,73,71,9877.30,75562.09,124434.63,10258.37,65280.15,66494.48
2026-09-19T09:34:08.332+00:00,HL,364.52000000,364.53000000,364.52500000,20,20,10314.46,43042.09,51433.56,12930.07,55136.62,59469.90
2026-09-19T09:34:09.321+00:00,ONDO,364.21000000,364.41000000,364.31000000,73,71,9877.30,75562.09,124434.63,10258.37,65280.15,66494.48
2026-09-19T09:34:09.321+00:00,HL,364.52000000,364.53000000,364.52500000,20,20,10314.46,43042.09,51433.56,12930.07,55136.62,59469.90
2026-09-19T09:34:10.325+00:00,ONDO,364.21000000,364.41000000,364.31000000,73,71,9877.30,75562.09,124434.63,10258.37,65280.15,66494.48
2026-09-19T09:34:10.325+00:00,HL,364.52000000,364.53000000,364.52500000,20,20,10314.46,43042.09,51433.56,12930.07,55136.62,59469.90
2026-09-19T09:34:11.328+00:00,ONDO,364.21000000,364.41000000,364.31000000,73,71,9877.30,75562.09,124434.63,10258.37,65280.15,66494.48
2026-09-19T09:34:11.328+00:00,HL,364.52000000,364.53000000,364.52500000,20,20,10314.46,43042.09,51433.56,12930.07,55136.62,59469.90
2026-09-19T09:34:12.334+00:00,ONDO,364.21000000,364.41000000,364.31000000,73,71,9877.30,75562.09,124434.63,10258.37,65280.15,66494.48
2026-09-19T09:34:12.334+00:00,HL,364.52000000,364.53000000,364.52500000,20,20,10314.46,43042.09,51433.56,12930.07,55136.62,59469.90
2026-09-19T09:34:13.329+00:00,ONDO,364.21000000,364.41000000,364.31000000,73,71,9877.30,75562.09,124434.63,10258.37,65280.15,66494.48
2026-09-19T09:34:13.329+00:00,HL,364.52000000,364.53000000,364.52500000,20,20,10164.28,42891.91,51283.38,13382.05,55572.18,59905.46
2026-09-19T09:34:14.320+00:00,ONDO,364.21000000,364.41000000,364.31000000,73,71,9877.30,75562.09,124434.63,10258.37,65280.15,66494.48
2026-09-19T09:34:14.320+00:00,HL,364.52000000,364.53000000,364.52500000,20,20,10164.28,42891.91,51283.38,13382.05,55572.18,59905.46
2026-09-19T09:34:15.323+00:00,ONDO,364.21000000,364.41000000,364.31000000,73,71,9877.30,75562.09,124434.63,10258.37,65280.15,66494.48
2026-09-19T09:34:15.323+00:00,HL,364.52000000,364.53000000,364.52500000,20,20,10164.28,42891.91,51283.38,13382.05,55572.18,59905.46
2026-09-19T09:34:16.324+00:00,ONDO,364.21000000,364.41000000,364.31000000,73,71,9877.30,75562.09,124434.63,10258.37,65280.15,66494.48
2026-09-19T09:34:16.324+00:00,HL,364.52000000,364.53000000,364.52500000,20,20,10164.28,42891.91,51283.38,13382.05,55572.18,59905.46
2026-09-19T09:34:17.324+00:00,ONDO,364.21000000,364.41000000,364.31000000,73,71,9877.30,75562.09,124434.63,10258.37,65280.15,66494.48
2026-09-19T09:34:17.324+00:00,HL,364.52000000,364.53000000,364.52500000,20,20,10164.28,42891.91,51283.38,13382.05,55572.18,59905.46
2026-09-19T09:34:18.331+00:00,ONDO,364.21000000,364.41000000,364.31000000,73,71,9877.30,75562.09,124434.63,10258.37,65280.15,66494.48
2026-09-19T09:34:18.331+00:00,HL,364.52000000,364.53000000,364.52500000,20,20,10164.28,42891.91,51283.38,13382.05,55572.18,59905.46
2026-09-19T09:34:19.325+00:00,ONDO,364.21000000,364.41000000,364.31000000,73,71,9877.30,75562.09,124434.63,10258.37,65280.15,66494.48
2026-09-19T09:34:19.325+00:00,HL,364.52000000,364.53000000,364.52500000,20,20,10164.28,42891.91,51283.38,13382.05,55572.18,59905.46
2026-09-19T09:34:20.332+00:00,ONDO,364.21000000,364.41000000,364.31000000,73,71,9877.30,75562.09,124434.63,10258.37,65280.15,66494.48
2026-09-19T09:34:20.332+00:00,HL,364.52000000,364.53000000,364.52500000,20,20,10164.28,42891.91,51283.38,13382.05,55572.18,59905.46
2026-09-19T09:34:21.324+00:00,ONDO,364.21000000,364.41000000,364.31000000,73,71,9877.30,75562.09,124434.63,10258.37,65280.15,66494.48
2026-09-19T09:34:21.324+00:00,HL,364.52000000,364.53000000,364.52500000,20,20,10164.28,42891.91,51283.38,13382.05,55572.18,59905.46
2026-09-19T09:34:22.326+00:00,ONDO,364.21000000,364.41000000,364.31000000,73,71,9877.30,75562.09,124434.63,10258.37,65280.15,66494.48
2026-09-19T09:34:22.326+00:00,HL,364.52000000,364.53000000,364.52500000,20,20,10164.28,42891.91,51283.38,13382.05,55572.18,59905.46
2026-09-19T09:34:23.329+00:00,ONDO,364.27000000,364.40000000,364.33500000,73,72,10952.70,36063.06,104832.50,8075.92,24473.03,65841.44
2026-09-19T09:34:23.329+00:00,HL,364.52000000,364.53000000,364.52500000,20,20,10164.28,42891.91,51283.38,13382.05,55572.18,59905.46
2026-09-19T09:34:24.326+00:00,ONDO,364.27000000,364.40000000,364.33500000,74,72,11316.93,36427.29,105196.73,8440.36,24837.47,66205.88
2026-09-19T09:34:24.326+00:00,HL,364.52000000,364.53000000,364.52500000,20,20,17470.35,62670.04,68459.61,10130.14,85599.14,122169.81
2026-09-19T09:34:25.331+00:00,ONDO,364.27000000,364.40000000,364.33500000,74,72,11316.93,36427.29,105196.73,8440.36,24837.47,66205.88
2026-09-19T09:34:25.331+00:00,HL,364.52000000,364.53000000,364.52500000,20,20,17470.35,62670.04,68459.61,10130.14,85599.14,122169.81
2026-09-19T09:34:26.329+00:00,ONDO,364.27000000,364.40000000,364.33500000,74,72,11316.93,36427.29,105196.73,8440.36,24837.47,66204.26
2026-09-19T09:34:26.329+00:00,HL,364.52000000,364.53000000,364.52500000,20,20,17470.35,62670.04,68459.61,10130.14,85599.14,122169.81
2026-09-19T09:34:27.329+00:00,ONDO,364.27000000,364.40000000,364.33500000,74,72,11316.93,36427.30,105196.71,8440.36,24837.47,66204.38
2026-09-19T09:34:27.329+00:00,HL,364.52000000,364.53000000,364.52500000,20,20,17470.35,62670.04,68459.61,10130.14,85599.14,122169.81
2026-09-19T09:34:28.332+00:00,ONDO,364.27000000,364.40000000,364.33500000,74,72,11316.93,36427.30,105196.71,8440.36,24837.47,66204.38
2026-09-19T09:34:28.332+00:00,HL,364.52000000,364.53000000,364.52500000,20,20,17470.35,62670.04,68459.61,10130.14,85599.14,122169.81
2026-09-19T09:34:29.333+00:00,ONDO,364.27000000,364.40000000,364.33500000,74,72,11316.93,36427.30,105196.71,8440.36,24837.47,66204.38
2026-09-19T09:34:29.333+00:00,HL,364.52000000,364.53000000,364.52500000,20,20,17320.17,67524.30,73313.87,9857.41,86326.54,96160.69
2026-09-19T09:34:30.335+00:00,ONDO,364.27000000,364.40000000,364.33500000,74,72,11316.93,36427.30,105196.71,8440.36,24837.47,66204.38
2026-09-19T09:34:30.335+00:00,HL,364.52000000,364.53000000,364.52500000,20,20,17320.17,67524.30,73313.87,9857.41,86326.54,96160.69
2026-09-19T09:34:31.330+00:00,ONDO,364.27000000,364.40000000,364.33500000,75,72,11316.93,36427.58,105196.99,8440.36,24837.47,66204.38
2026-09-19T09:34:31.330+00:00,HL,364.52000000,364.53000000,364.52500000,20,20,17320.17,67524.30,73313.87,9857.41,86326.54,96160.69
2026-09-19T09:34:32.326+00:00,ONDO,364.21000000,364.35000000,364.28000000,75,71,10237.47,75518.41,121333.24,8158.61,14963.55,66107.55
2026-09-19T09:34:32.326+00:00,HL,364.52000000,364.53000000,364.52500000,20,20,17320.17,67524.30,73313.87,9857.41,86326.54,96160.69
2026-09-19T09:34:33.331+00:00,ONDO,364.24000000,364.35000000,364.29500000,76,70,10092.57,36826.31,102538.49,8640.25,13914.59,66589.89
2026-09-19T09:34:33.331+00:00,HL,364.52000000,364.53000000,364.52500000,20,20,17320.17,67524.30,73313.87,9857.41,86326.54,96160.69
2026-09-19T09:34:34.334+00:00,ONDO,364.24000000,364.35000000,364.29500000,76,70,10092.57,36826.31,102538.49,8640.25,13914.59,66589.89
2026-09-19T09:34:34.334+00:00,HL,364.52000000,364.53000000,364.52500000,20,20,17320.17,67524.30,73313.87,9857.41,86326.54,96160.69
2026-09-19T09:34:35.323+00:00,ONDO,364.24000000,364.35000000,364.29500000,75,70,9728.36,36462.10,102174.28,8275.83,13550.17,66225.47
2026-09-19T09:34:35.323+00:00,HL,364.53000000,364.54000000,364.53500000,20,20,9082.77,76477.68,87321.16,32054.36,98186.18,138639.89
2026-09-19T09:34:36.324+00:00,ONDO,364.24000000,364.35000000,364.29500000,76,70,10092.57,36826.31,102538.49,8640.25,13914.59,66589.89
2026-09-19T09:34:36.324+00:00,HL,364.53000000,364.54000000,364.53500000,20,20,9082.77,76477.68,87321.16,32054.36,98186.18,138639.89
2026-09-19T09:34:37.334+00:00,ONDO,364.24000000,364.35000000,364.29500000,76,70,10092.57,36826.31,102538.49,8275.83,13550.17,66225.47
2026-09-19T09:34:37.334+00:00,HL,364.53000000,364.54000000,364.53500000,20,20,9082.77,76477.68,87321.16,32054.36,98186.18,138639.89
2026-09-19T09:34:38.322+00:00,ONDO,364.24000000,364.35000000,364.29500000,75,71,9728.36,75208.56,102172.32,8640.24,13914.58,66589.88
2026-09-19T09:34:38.322+00:00,HL,364.53000000,364.54000000,364.53500000,20,20,9082.77,76477.68,87321.16,32054.36,98186.18,138639.89
2026-09-19T09:34:39.330+00:00,ONDO,364.24000000,364.35000000,364.29500000,75,71,10092.56,75572.76,102536.52,8640.24,13914.58,66589.88
2026-09-19T09:34:39.330+00:00,HL,364.53000000,364.54000000,364.53500000,20,20,9082.77,76477.68,87321.16,32054.36,98186.18,138639.89
2026-09-19T09:34:40.323+00:00,ONDO,364.24000000,364.35000000,364.29500000,75,71,10092.56,75572.76,102536.52,8640.24,13914.58,66589.88
2026-09-19T09:34:40.323+00:00,HL,364.53000000,364.54000000,364.53500000,20,20,9082.77,76741.53,87585.01,37582.62,99185.73,139639.44
2026-09-19T09:34:41.335+00:00,ONDO,364.24000000,364.35000000,364.29500000,75,71,10092.56,75572.76,102536.52,8640.24,13914.58,66589.88
2026-09-19T09:34:41.335+00:00,HL,364.53000000,364.54000000,364.53500000,20,20,9082.77,76741.53,87585.01,37582.62,99185.73,139639.44
2026-09-19T09:34:42.322+00:00,ONDO,364.24000000,364.35000000,364.29500000,75,71,10092.56,75572.76,102536.52,8640.24,13914.58,66589.88
2026-09-19T09:34:42.322+00:00,HL,364.53000000,364.54000000,364.53500000,20,20,9082.77,76741.53,87585.01,37582.62,99185.73,139639.44
2026-09-19T09:34:43.320+00:00,ONDO,364.24000000,364.35000000,364.29500000,75,71,10092.56,75572.76,102536.52,8640.24,13914.58,66589.88
2026-09-19T09:34:43.320+00:00,HL,364.53000000,364.54000000,364.53500000,20,20,9082.77,76741.53,87585.01,37582.62,99185.73,139639.44
2026-09-19T09:34:44.333+00:00,ONDO,364.24000000,364.35000000,364.29500000,75,71,10092.56,75572.76,102536.52,8640.24,13914.58,66589.88
2026-09-19T09:34:44.333+00:00,HL,364.53000000,364.54000000,364.53500000,20,20,9082.77,76741.53,87585.01,37582.62,99185.73,139639.44
2026-09-19T09:34:45.321+00:00,ONDO,364.24000000,364.35000000,364.29500000,75,71,10092.56,75572.76,102536.52,8640.24,13914.58,66589.88
2026-09-19T09:34:45.321+00:00,HL,364.53000000,364.54000000,364.53500000,20,20,8082.92,43125.21,53968.69,19237.77,57909.17,69010.20
2026-09-19T09:34:46.324+00:00,ONDO,364.24000000,364.35000000,364.29500000,74,71,10092.56,75572.21,102535.98,8640.24,13914.58,66589.88
2026-09-19T09:34:46.324+00:00,HL,364.53000000,364.54000000,364.53500000,20,20,8082.92,43125.21,53968.69,19237.77,57909.17,69010.20
2026-09-19T09:34:47.332+00:00,ONDO,364.24000000,364.35000000,364.29500000,74,71,10092.56,75572.21,102535.98,8640.24,13914.58,66589.88
2026-09-19T09:34:47.332+00:00,HL,364.53000000,364.54000000,364.53500000,20,20,8082.92,43125.21,53968.69,19237.77,57909.17,69010.20
2026-09-19T09:34:48.328+00:00,ONDO,364.24000000,364.35000000,364.29500000,74,71,10092.56,75572.21,102535.98,8640.24,13914.58,66589.88
2026-09-19T09:34:48.328+00:00,HL,364.53000000,364.54000000,364.53500000,20,20,8082.92,43125.21,53968.69,19237.77,57909.17,69010.20
2026-09-19T09:34:49.329+00:00,ONDO,364.24000000,364.35000000,364.29500000,74,71,10092.56,75572.21,102535.98,8640.24,13914.58,66589.88
2026-09-19T09:34:49.329+00:00,HL,364.53000000,364.54000000,364.53500000,20,20,8082.92,43125.21,53968.69,19237.77,57909.17,69010.20
2026-09-19T09:34:50.330+00:00,ONDO,364.24000000,364.35000000,364.29500000,75,70,10092.57,75572.22,102535.99,8640.25,13914.59,66589.89
2026-09-19T09:34:50.330+00:00,HL,364.53000000,364.54000000,364.53500000,20,20,8082.92,43125.21,53968.69,19237.77,57909.17,69010.20
2026-09-19T09:34:51.329+00:00,ONDO,364.24000000,364.35000000,364.29500000,75,70,10092.57,75572.22,102535.99,8640.25,13914.59,66589.89
2026-09-19T09:34:51.329+00:00,HL,364.51000000,364.53000000,364.52000000,20,20,16474.22,67697.01,70547.73,19295.31,94579.51,130664.19
2026-09-19T09:34:52.321+00:00,ONDO,364.24000000,364.35000000,364.29500000,75,70,10092.57,75572.22,102535.99,8640.25,13914.59,66589.89
2026-09-19T09:34:52.321+00:00,HL,364.51000000,364.53000000,364.52000000,20,20,16474.22,67697.01,70547.73,19295.31,94579.51,130664.19
2026-09-19T09:34:53.323+00:00,ONDO,364.24000000,364.35000000,364.29500000,75,70,10092.57,75572.22,102535.99,8640.25,13914.59,66589.89
2026-09-19T09:34:53.323+00:00,HL,364.51000000,364.53000000,364.52000000,20,20,16474.22,67697.01,70547.73,19295.31,94579.51,130664.19
2026-09-19T09:34:54.325+00:00,ONDO,364.24000000,364.35000000,364.29500000,74,70,10092.57,75572.22,102535.99,8640.25,13914.59,66589.89
2026-09-19T09:34:54.325+00:00,HL,364.51000000,364.53000000,364.52000000,20,20,16474.22,67697.01,70547.73,19295.31,94579.51,130664.19
2026-09-19T09:34:55.320+00:00,ONDO,364.24000000,364.35000000,364.29500000,74,70,10092.56,75572.21,102535.98,8640.25,13914.59,66589.89
2026-09-19T09:34:55.320+00:00,HL,364.51000000,364.53000000,364.52000000,20,20,16474.22,67697.01,70547.73,19295.31,94579.51,130664.19
2026-09-19T09:34:56.321+00:00,ONDO,364.24000000,364.35000000,364.29500000,74,70,10092.56,75572.21,102535.98,8640.25,13914.59,66589.89
2026-09-19T09:34:56.321+00:00,HL,364.51000000,364.52000000,364.51500000,20,20,16474.22,65385.95,69315.33,13259.88,85554.83,130257.40
2026-09-19T09:34:57.326+00:00,ONDO,364.24000000,364.35000000,364.29500000,74,70,10092.56,75572.21,102535.98,8640.25,13914.59,66589.89
2026-09-19T09:34:57.326+00:00,HL,364.51000000,364.52000000,364.51500000,20,20,16474.22,65385.95,69315.33,13259.88,85554.83,130257.40
2026-09-19T09:34:58.329+00:00,ONDO,364.24000000,364.35000000,364.29500000,74,70,10092.56,75572.21,102535.98,8640.25,13914.59,66589.89
2026-09-19T09:34:58.329+00:00,HL,364.51000000,364.52000000,364.51500000,20,20,16474.22,65385.95,69315.33,13259.88,85554.83,130257.40
2026-09-19T09:34:59.330+00:00,ONDO,364.24000000,364.35000000,364.29500000,72,68,10092.56,75324.61,100322.96,8640.25,13914.59,65328.24
2026-09-19T09:34:59.330+00:00,HL,364.51000000,364.52000000,364.51500000,20,20,16474.22,65385.95,69315.33,13259.88,85554.83,130257.40
2026-09-19T09:35:00.334+00:00,ONDO,364.24000000,364.35000000,364.29500000,75,71,10092.56,75572.22,102536.01,8640.25,13914.59,66590.00
2026-09-19T09:35:00.334+00:00,HL,364.51000000,364.52000000,364.51500000,20,20,16474.22,65385.95,69315.33,13259.88,85554.83,130257.40
2026-09-19T09:35:01.324+00:00,ONDO,364.24000000,364.35000000,364.29500000,75,71,10092.56,75572.22,102536.01,8640.25,13914.59,66590.00
2026-09-19T09:35:01.324+00:00,HL,364.51000000,364.52000000,364.51500000,20,20,16474.22,65385.95,69315.33,13259.88,85554.83,130257.40
2026-09-19T09:35:02.324+00:00,ONDO,364.24000000,364.35000000,364.29500000,76,72,10092.55,75572.21,102536.00,8640.24,13914.58,66589.99
2026-09-19T09:35:02.324+00:00,HL,364.51000000,364.52000000,364.51500000,20,20,11115.20,44752.38,48681.77,13861.74,44880.06,62136.36
2026-09-19T09:35:03.329+00:00,ONDO,364.24000000,364.35000000,364.29500000,75,72,10092.55,75371.37,102335.16,8640.24,13914.58,66589.99
2026-09-19T09:35:03.329+00:00,HL,364.51000000,364.52000000,364.51500000,20,20,11115.20,44752.38,48681.77,13861.74,44880.06,62136.36
2026-09-19T09:35:04.330+00:00,ONDO,364.24000000,364.35000000,364.29500000,75,72,10092.55,75371.37,102335.16,8640.24,13914.58,66589.99
2026-09-19T09:35:04.330+00:00,HL,364.51000000,364.52000000,364.51500000,20,20,11115.20,44752.38,48681.77,13861.74,44880.06,62136.36
2026-09-19T09:35:05.334+00:00,ONDO,364.24000000,364.35000000,364.29500000,75,72,10092.55,75371.37,102335.16,8640.24,13914.58,66589.99
2026-09-19T09:35:05.334+00:00,HL,364.51000000,364.52000000,364.51500000,20,20,11115.20,44752.38,48681.77,13861.74,44880.06,62136.36
2026-09-19T09:35:06.321+00:00,ONDO,364.24000000,364.35000000,364.29500000,75,72,10092.55,75371.37,102335.16,8640.24,13914.58,66589.99
2026-09-19T09:35:06.321+00:00,HL,364.51000000,364.52000000,364.51500000,20,20,11115.20,44752.38,48681.77,13861.74,44880.06,62136.36
2026-09-19T09:35:07.324+00:00,ONDO,364.24000000,364.35000000,364.29500000,75,72,10092.55,75371.37,102335.16,8640.24,13914.58,66589.99
2026-09-19T09:35:07.324+00:00,HL,364.49000000,364.52000000,364.50500000,20,20,21720.47,66830.01,76842.49,13861.74,91165.11,129632.79
2026-09-19T09:35:08.326+00:00,ONDO,364.24000000,364.35000000,364.29500000,75,72,10092.55,75371.37,102335.16,8640.24,13914.58,66589.99
2026-09-19T09:35:08.326+00:00,HL,364.49000000,364.52000000,364.50500000,20,20,21720.47,66830.01,76842.49,13861.74,91165.11,129632.79
2026-09-19T09:35:09.324+00:00,ONDO,364.24000000,364.35000000,364.29500000,75,72,10092.55,75371.37,102335.16,8640.24,13914.58,66589.99
2026-09-19T09:35:09.324+00:00,HL,364.49000000,364.52000000,364.50500000,20,20,21720.47,66830.01,76842.49,13861.74,91165.11,129632.79
2026-09-19T09:35:10.328+00:00,ONDO,364.24000000,364.35000000,364.29500000,74,72,10092.55,75371.37,102335.16,8640.24,13914.58,66589.99
2026-09-19T09:35:10.328+00:00,HL,364.49000000,364.52000000,364.50500000,20,20,21720.47,66830.01,76842.49,13861.74,91165.11,129632.79
2026-09-19T09:35:11.332+00:00,ONDO,364.24000000,364.35000000,364.29500000,75,72,10092.55,75371.37,102335.16,8640.24,13914.58,66589.99
2026-09-19T09:35:11.332+00:00,HL,364.49000000,364.52000000,364.50500000,20,20,21720.47,66830.01,76842.49,13861.74,91165.11,129632.79
2026-09-19T09:35:12.320+00:00,ONDO,364.24000000,364.35000000,364.29500000,75,72,10092.55,75371.37,102335.16,8640.24,13914.58,66589.99
2026-09-19T09:35:12.320+00:00,HL,364.49000000,364.52000000,364.50500000,20,20,21720.47,66830.01,76842.49,13861.74,91165.11,129632.79
2026-09-19T09:35:13.323+00:00,ONDO,364.24000000,364.35000000,364.29500000,75,72,10092.55,75371.37,102335.16,8640.24,13914.58,66589.99
2026-09-19T09:35:13.323+00:00,HL,364.49000000,364.52000000,364.50500000,20,20,21720.32,66829.86,76842.34,14466.79,91770.17,130237.84
2026-09-19T09:35:14.329+00:00,ONDO,364.24000000,364.35000000,364.29500000,75,72,10092.55,75371.37,102335.16,8640.24,13914.58,66589.99
2026-09-19T09:35:14.329+00:00,HL,364.49000000,364.52000000,364.50500000,20,20,21720.32,66829.86,76842.34,14466.79,91770.17,130237.84
2026-09-19T09:35:15.329+00:00,ONDO,364.24000000,364.35000000,364.29500000,75,72,10092.55,75371.37,102335.16,8640.24,13914.58,66589.99
2026-09-19T09:35:15.329+00:00,HL,364.49000000,364.52000000,364.50500000,20,20,21720.32,66829.86,76842.34,14466.79,91770.17,130237.84
2026-09-19T09:35:16.333+00:00,ONDO,364.24000000,364.35000000,364.29500000,75,72,10092.55,75371.37,102335.16,8640.24,13914.58,66589.99
2026-09-19T09:35:16.333+00:00,HL,364.49000000,364.52000000,364.50500000,20,20,21720.32,66829.86,76842.34,14466.79,91770.17,130237.84
2026-09-19T09:35:17.334+00:00,ONDO,364.24000000,364.35000000,364.29500000,75,72,10092.55,75371.37,102335.16,8640.24,13914.58,66589.99
2026-09-19T09:35:17.334+00:00,HL,364.49000000,364.52000000,364.50500000,20,20,21720.32,66829.86,76842.34,14466.79,91770.17,130237.84
2026-09-19T09:35:18.326+00:00,ONDO,364.24000000,364.35000000,364.29500000,75,72,10092.55,75371.37,102335.16,8640.24,13914.58,66589.99
2026-09-19T09:35:18.326+00:00,HL,364.49000000,364.52000000,364.50500000,20,20,16361.09,46196.07,56208.55,14466.79,50493.53,62741.27
2026-09-19T09:35:19.332+00:00,ONDO,364.24000000,364.35000000,364.29500000,75,72,10092.55,75371.37,102335.16,8640.24,13914.58,66589.99
2026-09-19T09:35:19.332+00:00,HL,364.49000000,364.52000000,364.50500000,20,20,16361.09,46196.07,56208.55,14466.79,50493.53,62741.27
2026-09-19T09:35:20.320+00:00,ONDO,364.24000000,364.35000000,364.29500000,75,72,10092.55,75371.37,102335.16,8640.24,13914.58,66589.99
2026-09-19T09:35:20.320+00:00,HL,364.49000000,364.52000000,364.50500000,20,20,16361.09,46196.07,56208.55,14466.79,50493.53,62741.27
2026-09-19T09:35:21.319+00:00,ONDO,364.24000000,364.35000000,364.29500000,75,72,10092.55,75371.37,102335.16,8640.24,13914.58,66589.99
2026-09-19T09:35:21.319+00:00,HL,364.49000000,364.52000000,364.50500000,20,20,16361.09,46196.07,56208.55,14466.79,50493.53,62741.27
2026-09-19T09:35:22.328+00:00,ONDO,364.24000000,364.35000000,364.29500000,75,72,10092.55,75371.37,102335.16,8640.24,13914.58,66589.99
2026-09-19T09:35:22.328+00:00,HL,364.49000000,364.52000000,364.50500000,20,20,16361.09,46196.07,56208.55,14466.79,50493.53,62741.27
2026-09-19T09:35:23.327+00:00,ONDO,364.24000000,364.37000000,364.30500000,75,73,10092.57,75371.39,102335.18,8640.29,13914.62,66590.03
2026-09-19T09:35:23.327+00:00,HL,364.49000000,364.52000000,364.50500000,20,20,16361.09,46196.07,56208.55,14466.79,50493.53,62741.27
2026-09-19T09:35:24.330+00:00,ONDO,364.24000000,364.37000000,364.30500000,75,73,10092.57,75371.39,102335.18,8640.29,13914.62,66590.03
2026-09-19T09:35:24.330+00:00,HL,364.49000000,364.52000000,364.50500000,20,20,16361.09,46196.07,56208.55,14466.79,45965.20,58212.94
2026-09-19T09:35:25.328+00:00,ONDO,364.24000000,364.37000000,364.30500000,75,73,10092.57,75371.39,102335.18,8640.29,13914.62,66590.03
2026-09-19T09:35:25.328+00:00,HL,364.49000000,364.52000000,364.50500000,20,20,16361.09,46196.07,56208.55,14466.79,45965.20,58212.94
2026-09-19T09:35:26.330+00:00,ONDO,364.24000000,364.37000000,364.30500000,75,73,10092.57,75371.39,102335.18,8640.29,13914.62,66590.03
2026-09-19T09:35:26.330+00:00,HL,364.49000000,364.52000000,364.50500000,20,20,16361.09,46196.07,56208.55,14466.79,45965.20,58212.94
2026-09-19T09:35:27.334+00:00,ONDO,364.24000000,364.37000000,364.30500000,75,73,10092.57,75371.39,102335.18,8640.29,13914.62,66590.03
2026-09-19T09:35:27.334+00:00,HL,364.49000000,364.52000000,364.50500000,20,20,16361.09,46196.07,56208.55,14466.79,45965.20,58212.94
2026-09-19T09:35:28.335+00:00,ONDO,364.24000000,364.37000000,364.30500000,75,73,10092.57,75371.39,102335.18,8640.29,13914.62,66590.03
2026-09-19T09:35:28.335+00:00,HL,364.49000000,364.52000000,364.50500000,20,20,16361.09,46196.07,56208.55,14466.79,45965.20,58212.94
2026-09-19T09:35:29.334+00:00,ONDO,364.24000000,364.37000000,364.30500000,75,73,10092.57,75371.39,102335.18,8640.29,13914.62,66590.03
2026-09-19T09:35:29.334+00:00,HL,364.49000000,364.52000000,364.50500000,20,20,16210.94,46045.92,56058.40,18144.99,49643.41,61891.14
2026-09-19T09:35:30.322+00:00,ONDO,364.24000000,364.37000000,364.30500000,75,73,10092.57,75371.39,102335.18,8640.29,13914.62,66590.03
2026-09-19T09:35:30.322+00:00,HL,364.49000000,364.52000000,364.50500000,20,20,16210.94,46045.92,56058.40,18144.99,49643.41,61891.14
2026-09-19T09:35:31.328+00:00,ONDO,364.24000000,364.37000000,364.30500000,75,73,10092.57,75371.39,102335.18,8640.29,13914.62,66590.03
2026-09-19T09:35:31.328+00:00,HL,364.49000000,364.52000000,364.50500000,20,20,16210.94,46045.92,56058.40,18144.99,49643.41,61891.14
2026-09-19T09:35:32.326+00:00,ONDO,364.24000000,364.37000000,364.30500000,76,73,10092.57,75371.12,102334.91,8640.29,13914.62,66590.03
2026-09-19T09:35:32.326+00:00,HL,364.49000000,364.52000000,364.50500000,20,20,16210.94,46045.92,56058.40,18144.99,49643.41,61891.14
2026-09-19T09:35:33.329+00:00,ONDO,364.24000000,364.37000000,364.30500000,76,72,10092.57,75370.57,102334.36,8640.29,13914.62,66590.03
2026-09-19T09:35:33.329+00:00,HL,364.49000000,364.52000000,364.50500000,20,20,16210.94,46045.92,56058.40,18144.99,49643.41,61891.14
2026-09-19T09:35:34.327+00:00,ONDO,364.24000000,364.37000000,364.30500000,76,73,10092.57,75370.57,102334.36,8640.29,13914.62,66590.03
2026-09-19T09:35:34.327+00:00,HL,364.46000000,364.50000000,364.48000000,20,20,32240.25,66163.98,72108.50,14247.84,86944.86,99737.18
2026-09-19T09:35:35.328+00:00,ONDO,364.24000000,364.37000000,364.30500000,75,72,9979.27,75257.27,102221.06,8486.81,13761.15,66704.75
2026-09-19T09:35:35.328+00:00,HL,364.46000000,364.50000000,364.48000000,20,20,32240.25,66163.98,72108.50,14247.84,86944.86,99737.18
2026-09-19T09:35:36.329+00:00,ONDO,364.24000000,364.37000000,364.30500000,76,72,10343.44,75621.44,102585.23,8851.20,14125.54,67069.14
2026-09-19T09:35:36.329+00:00,HL,364.46000000,364.50000000,364.48000000,20,20,32240.25,66163.98,72108.50,14247.84,86944.86,99737.18
2026-09-19T09:35:37.325+00:00,ONDO,364.24000000,364.37000000,364.30500000,76,72,10343.44,75621.44,102585.23,8851.20,14125.54,67069.14
2026-09-19T09:35:37.325+00:00,HL,364.46000000,364.50000000,364.48000000,20,20,32240.25,66163.98,72108.50,14247.84,86944.86,99737.18
2026-09-19T09:35:38.324+00:00,ONDO,364.24000000,364.37000000,364.30500000,76,72,10343.44,75621.44,102585.23,8851.20,14125.54,67069.14
2026-09-19T09:35:38.324+00:00,HL,364.46000000,364.50000000,364.48000000,20,20,32240.25,66163.98,72108.50,14247.84,86944.86,99737.18
2026-09-19T09:35:39.331+00:00,ONDO,364.24000000,364.37000000,364.30500000,76,72,10343.44,75621.44,102585.23,8851.20,14125.54,67069.14
2026-09-19T09:35:39.331+00:00,HL,364.46000000,364.50000000,364.48000000,20,20,32240.25,66163.98,72108.50,14247.84,86944.86,99737.18
2026-09-19T09:35:40.320+00:00,ONDO,364.24000000,364.37000000,364.30500000,76,72,10343.44,75621.44,102585.23,8851.20,14125.54,67069.14
2026-09-19T09:35:40.320+00:00,HL,364.46000000,364.49000000,364.47500000,20,20,29143.56,65545.23,71489.76,17085.76,82006.87,95382.69
2026-09-19T09:35:41.329+00:00,ONDO,364.24000000,364.37000000,364.30500000,76,72,10343.45,75621.45,102585.24,8851.20,14125.54,67069.14
2026-09-19T09:35:41.329+00:00,HL,364.46000000,364.49000000,364.47500000,20,20,29143.56,65545.23,71489.76,17085.76,82006.87,95382.69
2026-09-19T09:35:42.322+00:00,ONDO,364.24000000,364.37000000,364.30500000,76,72,10343.45,75621.45,102585.24,8851.20,14125.54,67069.14
2026-09-19T09:35:42.322+00:00,HL,364.46000000,364.49000000,364.47500000,20,20,29143.56,65545.23,71489.76,17085.76,82006.87,95382.69
2026-09-19T09:35:43.324+00:00,ONDO,364.24000000,364.37000000,364.30500000,76,72,10343.45,75621.45,102585.24,8851.20,14125.54,67069.14
2026-09-19T09:35:43.324+00:00,HL,364.46000000,364.49000000,364.47500000,20,20,29143.56,65545.23,71489.76,17085.76,82006.87,95382.69
2026-09-19T09:35:44.324+00:00,ONDO,364.24000000,364.37000000,364.30500000,76,72,10343.45,75621.45,102585.24,8851.20,14125.54,67069.14
2026-09-19T09:35:44.324+00:00,HL,364.46000000,364.49000000,364.47500000,20,20,29143.56,65545.23,71489.76,17085.76,82006.87,95382.69
2026-09-19T09:35:45.334+00:00,ONDO,364.24000000,364.37000000,364.30500000,76,72,10343.45,75621.45,102585.24,8851.20,14125.54,67069.14
2026-09-19T09:35:45.334+00:00,HL,364.46000000,364.49000000,364.47500000,20,20,31622.18,68023.86,73968.38,13866.53,78787.64,97679.32
2026-09-19T09:35:46.326+00:00,ONDO,364.24000000,364.37000000,364.30500000,76,72,10343.45,75621.45,102585.24,8851.20,14125.54,67069.14
2026-09-19T09:35:46.326+00:00,HL,364.46000000,364.49000000,364.47500000,20,20,31622.18,68023.86,73968.38,13866.53,78787.64,97679.32
2026-09-19T09:35:47.325+00:00,ONDO,364.24000000,364.37000000,364.30500000,76,72,10343.45,75621.45,102585.24,8851.20,14125.54,67069.14
2026-09-19T09:35:47.325+00:00,HL,364.46000000,364.49000000,364.47500000,20,20,31622.18,68023.86,73968.38,13866.53,78787.64,97679.32
2026-09-19T09:35:48.326+00:00,ONDO,364.24000000,364.37000000,364.30500000,76,72,10343.45,75621.45,102585.24,8851.20,14125.54,67069.14
2026-09-19T09:35:48.326+00:00,HL,364.46000000,364.49000000,364.47500000,20,20,31622.18,68023.86,73968.38,13866.53,78787.64,97679.32
2026-09-19T09:35:49.328+00:00,ONDO,364.24000000,364.37000000,364.30500000,76,72,10343.45,75621.72,102585.51,8851.20,14125.54,67069.14
2026-09-19T09:35:49.328+00:00,HL,364.46000000,364.49000000,364.47500000,20,20,31622.18,68023.86,73968.38,13866.53,78787.64,97679.32
2026-09-19T09:35:50.326+00:00,ONDO,364.24000000,364.37000000,364.30500000,76,72,10343.45,75622.00,102585.79,8851.20,14125.54,67069.14
2026-09-19T09:35:50.326+00:00,HL,364.46000000,364.49000000,364.47500000,20,20,31622.18,68023.86,73968.38,13866.53,78787.64,97679.32
2026-09-19T09:35:51.326+00:00,ONDO,364.24000000,364.37000000,364.30500000,74,71,9914.34,75418.94,102382.63,8338.04,13612.37,66555.89
2026-09-19T09:35:51.326+00:00,HL,364.48000000,364.50000000,364.49000000,20,20,22214.39,64554.70,68417.56,15968.85,85373.20,129241.91
2026-09-19T09:35:52.324+00:00,ONDO,364.24000000,364.37000000,364.30500000,74,72,10278.55,75783.70,102747.39,8702.46,13976.79,66920.31
2026-09-19T09:35:52.324+00:00,HL,364.48000000,364.50000000,364.49000000,20,20,22214.39,64554.70,68417.56,15968.85,85373.20,129241.91
2026-09-19T09:35:53.327+00:00,ONDO,364.24000000,364.37000000,364.30500000,74,72,10278.55,75783.70,102747.39,8702.46,13976.79,66920.31
2026-09-19T09:35:53.327+00:00,HL,364.48000000,364.50000000,364.49000000,20,20,22214.39,64554.70,68417.56,15968.85,85373.20,129241.91
2026-09-19T09:35:54.322+00:00,ONDO,364.24000000,364.37000000,364.30500000,74,72,10278.55,75783.70,102747.39,8702.46,13976.79,66920.31
2026-09-19T09:35:54.322+00:00,HL,364.48000000,364.50000000,364.49000000,20,20,22214.39,64554.70,68417.56,15968.85,85373.20,129241.91
2026-09-19T09:35:55.330+00:00,ONDO,364.24000000,364.37000000,364.30500000,73,72,10278.55,75783.43,102747.11,8702.46,13976.79,66920.31
2026-09-19T09:35:55.330+00:00,HL,364.48000000,364.50000000,364.49000000,20,20,22214.39,64554.70,68417.56,15968.85,85373.20,129241.91
2026-09-19T09:35:56.322+00:00,ONDO,364.24000000,364.37000000,364.30500000,73,72,10278.55,75783.43,102747.11,8702.46,13976.79,66920.31
2026-09-19T09:35:56.322+00:00,HL,364.49000000,364.50000000,364.49500000,20,20,14684.88,56402.34,71536.57,13703.41,83246.67,130217.40
2026-09-19T09:35:57.321+00:00,ONDO,364.24000000,364.37000000,364.30500000,73,72,10278.55,75783.43,102747.11,8702.46,13976.79,66920.31
2026-09-19T09:35:57.321+00:00,HL,364.49000000,364.50000000,364.49500000,20,20,14684.88,56402.34,71536.57,13703.41,83246.67,130217.40
2026-09-19T09:35:58.324+00:00,ONDO,364.24000000,364.37000000,364.30500000,73,72,10278.55,75783.43,102747.11,8702.46,13976.79,66920.31
2026-09-19T09:35:58.324+00:00,HL,364.49000000,364.50000000,364.49500000,20,20,14684.88,56402.34,71536.57,13703.41,83246.67,130217.40
2026-09-19T09:35:59.327+00:00,ONDO,364.24000000,364.37000000,364.30500000,73,72,10278.55,75783.43,102747.11,8702.46,13976.79,66920.31
2026-09-19T09:35:59.327+00:00,HL,364.49000000,364.50000000,364.49500000,20,20,14684.88,56402.34,71536.57,13703.41,83246.67,130217.40
2026-09-19T09:36:00.326+00:00,ONDO,364.24000000,364.37000000,364.30500000,73,72,10278.55,75783.43,102747.11,8702.46,13976.79,66920.31
2026-09-19T09:36:00.326+00:00,HL,364.49000000,364.50000000,364.49500000,20,20,14684.88,56402.34,71536.57,13703.41,83246.67,130217.40
2026-09-19T09:36:01.328+00:00,ONDO,364.24000000,364.37000000,364.30500000,73,72,10278.55,75783.43,102747.11,8702.46,13976.79,66920.31
2026-09-19T09:36:01.328+00:00,HL,364.49000000,364.50000000,364.49500000,20,20,10324.47,45311.47,50287.64,12499.80,41766.35,62494.92
2026-09-19T09:36:02.321+00:00,ONDO,364.24000000,364.37000000,364.30500000,74,72,10278.55,75783.15,102746.84,8702.46,13976.79,66920.31
2026-09-19T09:36:02.321+00:00,HL,364.49000000,364.50000000,364.49500000,20,20,10324.47,45311.47,50287.64,12499.80,41766.35,62494.92
2026-09-19T09:36:03.321+00:00,ONDO,364.24000000,364.37000000,364.30500000,74,72,10278.55,75783.15,102746.84,8702.46,13976.79,66920.31
2026-09-19T09:36:03.321+00:00,HL,364.49000000,364.50000000,364.49500000,20,20,10324.47,45311.47,50287.64,12499.80,41766.35,62494.92
2026-09-19T09:36:04.327+00:00,ONDO,364.24000000,364.37000000,364.30500000,74,72,10278.55,75783.15,102746.84,8702.46,13976.79,66920.31
2026-09-19T09:36:04.327+00:00,HL,364.49000000,364.50000000,364.49500000,20,20,10324.47,45311.47,50287.64,12499.80,41766.35,62494.92
2026-09-19T09:36:05.322+00:00,ONDO,364.24000000,364.37000000,364.30500000,74,72,10278.55,75783.15,102746.84,8702.46,13976.79,66920.31
2026-09-19T09:36:05.322+00:00,HL,364.49000000,364.50000000,364.49500000,20,20,10324.47,45311.47,50287.64,12499.80,41766.35,62494.92
2026-09-19T09:36:06.324+00:00,ONDO,364.24000000,364.37000000,364.30500000,74,72,10278.55,75783.15,102746.84,8702.46,13976.79,66920.31
2026-09-19T09:36:06.324+00:00,HL,364.49000000,364.50000000,364.49500000,20,20,10324.47,45311.47,50287.64,12499.80,41766.35,62494.92
2026-09-19T09:36:07.333+00:00,ONDO,364.24000000,364.37000000,364.30500000,74,72,10278.55,75783.15,102746.84,8702.46,13976.79,66920.31
2026-09-19T09:36:07.333+00:00,HL,364.48000000,364.50000000,364.49000000,20,20,25679.97,64407.51,75099.06,14400.46,83943.74,101539.50
2026-09-19T09:36:08.323+00:00,ONDO,364.24000000,364.37000000,364.30500000,74,72,10278.55,75783.15,102746.84,8702.46,13976.79,66920.31
2026-09-19T09:36:08.323+00:00,HL,364.48000000,364.50000000,364.49000000,20,20,25679.97,64407.51,75099.06,14400.46,83943.74,101539.50
2026-09-19T09:36:09.323+00:00,ONDO,364.24000000,364.37000000,364.30500000,74,72,10278.55,75783.15,102746.84,8702.46,13976.79,66920.31
2026-09-19T09:36:09.323+00:00,HL,364.48000000,364.50000000,364.49000000,20,20,25679.97,64407.51,75099.06,14400.46,83943.74,101539.50
2026-09-19T09:36:10.326+00:00,ONDO,364.24000000,364.37000000,364.30500000,74,72,10278.55,75783.15,102746.84,8702.46,13976.79,66920.31
2026-09-19T09:36:10.326+00:00,HL,364.48000000,364.50000000,364.49000000,20,20,25679.97,64407.51,75099.06,14400.46,83943.74,101539.50
2026-09-19T09:36:11.329+00:00,ONDO,364.24000000,364.37000000,364.30500000,74,72,10278.55,75783.15,102746.84,8702.46,13976.79,66920.31
2026-09-19T09:36:11.329+00:00,HL,364.48000000,364.50000000,364.49000000,20,20,25679.97,64407.51,75099.06,14400.46,83943.74,101539.50
2026-09-19T09:36:12.320+00:00,ONDO,364.24000000,364.37000000,364.30500000,74,72,10278.55,75783.15,102746.84,8702.46,13976.79,66920.31
2026-09-19T09:36:12.320+00:00,HL,364.48000000,364.50000000,364.49000000,20,20,13621.27,43773.57,54465.13,14090.59,43357.42,62179.44
2026-09-19T09:36:13.327+00:00,ONDO,364.24000000,364.38000000,364.31000000,75,71,10278.57,75783.17,102746.86,8706.12,25289.11,66923.98
2026-09-19T09:36:13.327+00:00,HL,364.48000000,364.50000000,364.49000000,20,20,13621.27,43773.57,54465.13,14090.59,43357.42,62179.44
2026-09-19T09:36:14.322+00:00,ONDO,364.24000000,364.38000000,364.31000000,75,71,10278.57,75783.17,102746.86,8706.12,25289.11,66923.98
2026-09-19T09:36:14.322+00:00,HL,364.48000000,364.50000000,364.49000000,20,20,13621.27,43773.57,54465.13,14090.59,43357.42,62179.44
2026-09-19T09:36:15.322+00:00,ONDO,364.24000000,364.38000000,364.31000000,75,71,10278.57,75783.17,102746.86,8706.12,25289.11,66923.98
2026-09-19T09:36:15.322+00:00,HL,364.48000000,364.50000000,364.49000000,20,20,13621.27,43773.57,54465.13,14090.59,43357.42,62179.44
2026-09-19T09:36:16.325+00:00,ONDO,364.24000000,364.38000000,364.31000000,75,71,10278.57,75783.17,102746.86,8706.12,25289.11,66923.98
2026-09-19T09:36:16.325+00:00,HL,364.48000000,364.50000000,364.49000000,20,20,13621.27,43773.57,54465.13,14090.59,43357.42,62179.44
2026-09-19T09:36:17.325+00:00,ONDO,364.24000000,364.38000000,364.31000000,75,71,10278.57,75783.17,102746.86,8706.12,25289.11,66923.98
2026-09-19T09:36:17.325+00:00,HL,364.48000000,364.50000000,364.49000000,20,20,13621.27,43773.57,54465.13,14090.59,43357.42,62179.44
2026-09-19T09:36:18.333+00:00,ONDO,364.24000000,364.38000000,364.31000000,75,71,10278.57,75783.17,102746.86,8706.12,25289.11,66923.98
2026-09-19T09:36:18.333+00:00,HL,364.48000000,364.50000000,364.49000000,20,20,13621.27,43773.57,54465.13,14090.59,43357.42,62179.44
2026-09-19T09:36:19.326+00:00,ONDO,364.24000000,364.38000000,364.31000000,75,71,10278.57,75783.17,102746.86,8706.12,25289.11,66923.98
2026-09-19T09:36:19.326+00:00,HL,364.48000000,364.50000000,364.49000000,20,20,13621.27,43773.57,54465.13,14090.59,43357.42,62179.44
2026-09-19T09:36:20.327+00:00,ONDO,364.24000000,364.38000000,364.31000000,75,71,10278.57,75783.17,102746.86,8706.12,25289.11,66923.98
2026-09-19T09:36:20.327+00:00,HL,364.48000000,364.50000000,364.49000000,20,20,13621.27,43773.57,54465.13,14090.59,43357.42,62179.44
2026-09-19T09:36:21.329+00:00,ONDO,364.24000000,364.38000000,364.31000000,76,71,10278.57,75783.19,102747.00,8706.12,25289.11,66924.06
2026-09-19T09:36:21.329+00:00,HL,364.48000000,364.50000000,364.49000000,20,20,13621.27,43773.57,54465.13,14090.59,43357.42,62179.44
2026-09-19T09:36:22.331+00:00,ONDO,364.24000000,364.38000000,364.31000000,76,71,10278.57,75783.19,102747.00,8706.12,25289.11,66924.06
2026-09-19T09:36:22.331+00:00,HL,364.48000000,364.50000000,364.49000000,20,20,13621.27,43773.57,54465.13,14090.59,43357.42,62179.44
2026-09-19T09:36:23.330+00:00,ONDO,364.24000000,364.38000000,364.31000000,76,71,10278.57,75783.19,102747.00,8706.12,25289.11,66924.06
2026-09-19T09:36:23.330+00:00,HL,364.48000000,364.50000000,364.49000000,20,20,13621.27,43773.57,54465.13,14090.59,43357.42,62179.44
2026-09-19T09:36:24.330+00:00,ONDO,364.24000000,364.38000000,364.31000000,76,71,10278.57,75783.19,102747.00,8706.12,25289.11,66924.06
2026-09-19T09:36:24.330+00:00,HL,364.48000000,364.50000000,364.49000000,20,20,13621.27,43773.57,54465.13,14090.59,43357.42,62179.44
2026-09-19T09:36:25.330+00:00,ONDO,364.24000000,364.38000000,364.31000000,76,71,10278.57,75783.19,102747.00,8706.12,25289.11,66924.06
2026-09-19T09:36:25.330+00:00,HL,364.48000000,364.50000000,364.49000000,20,20,13621.27,43773.57,54465.13,14090.59,43357.42,62179.44
2026-09-19T09:36:26.321+00:00,ONDO,364.24000000,364.38000000,364.31000000,76,71,10278.57,75783.19,102747.00,8706.12,25289.11,66924.06
2026-09-19T09:36:26.321+00:00,HL,364.48000000,364.50000000,364.49000000,20,20,13621.27,43773.57,54465.13,14090.59,43357.42,62179.44
2026-09-19T09:36:27.325+00:00,ONDO,364.24000000,364.38000000,364.31000000,76,71,10278.57,75783.19,102747.00,8706.12,25289.11,66924.06
2026-09-19T09:36:27.325+00:00,HL,364.48000000,364.50000000,364.49000000,20,20,13621.27,43773.57,54465.13,14090.59,43357.42,62179.44
2026-09-19T09:36:28.331+00:00,ONDO,364.24000000,364.38000000,364.31000000,75,71,10278.57,75783.46,102747.28,8706.12,25289.11,66924.06
2026-09-19T09:36:28.331+00:00,HL,364.49000000,364.52000000,364.50500000,20,20,18626.55,68888.77,73864.94,16913.03,87298.75,132001.24
2026-09-19T09:36:29.326+00:00,ONDO,364.24000000,364.38000000,364.31000000,76,71,10278.57,75783.74,102747.55,8706.12,25289.11,66924.06
2026-09-19T09:36:29.326+00:00,HL,364.49000000,364.52000000,364.50500000,20,20,18626.55,68888.77,73864.94,16913.03,87298.75,132001.24
2026-09-19T09:36:30.328+00:00,ONDO,364.24000000,364.38000000,364.31000000,76,71,10278.57,75783.74,102747.55,8706.12,25289.11,66924.06
2026-09-19T09:36:30.328+00:00,HL,364.49000000,364.52000000,364.50500000,20,20,18626.55,68888.77,73864.94,16913.03,87298.75,132001.24
2026-09-19T09:36:31.321+00:00,ONDO,364.24000000,364.38000000,364.31000000,76,71,10278.57,75783.74,102747.55,8706.12,25289.11,66924.06
2026-09-19T09:36:31.321+00:00,HL,364.49000000,364.52000000,364.50500000,20,20,18626.55,68888.77,73864.94,16913.03,87298.75,132001.24
2026-09-19T09:36:32.333+00:00,ONDO,364.24000000,364.38000000,364.31000000,76,71,10278.57,75783.74,102747.55,8706.12,25289.11,66924.06
2026-09-19T09:36:32.333+00:00,HL,364.49000000,364.52000000,364.50500000,20,20,18626.55,68888.77,73864.94,16913.03,87298.75,132001.24
2026-09-19T09:36:33.322+00:00,ONDO,364.24000000,364.38000000,364.31000000,76,71,10278.57,75783.74,102747.55,8706.12,25289.11,66924.06
2026-09-19T09:36:33.322+00:00,HL,364.49000000,364.52000000,364.50500000,20,20,18626.55,68888.77,73864.94,16913.03,87298.75,132001.24
2026-09-19T09:36:34.331+00:00,ONDO,364.24000000,364.38000000,364.31000000,76,71,10278.57,75783.74,102747.55,8706.12,25289.11,66924.06
2026-09-19T09:36:34.331+00:00,HL,364.50000000,364.51000000,364.50500000,20,20,16366.22,64375.51,68299.06,12728.89,82820.31,127540.69
