ts_utc,venue,price,size,aggressor_side,trade_id,ts_event_ns,ts_init_ns
2026-09-19T09:31:38.458+00:00,HL,222.140,0.599,SELL,395708686793819,1789809853643000064,1789810298457975400
2026-09-19T09:31:38.458+00:00,HL,222.140,0.450,SELL,971029448619971,1789809918392000000,1789810298457975400
2026-09-19T09:31:38.459+00:00,HL,222.120,0.203,SELL,117335437600307,1789809918457999872,1789810298457975400
2026-09-19T09:31:38.459+00:00,HL,222.090,0.623,SELL,769026301052488,1789809919524000000,1789810298457975400
2026-09-19T09:31:38.459+00:00,HL,222.090,0.450,SELL,902807903001414,1789809939713999872,1789810298457975400
2026-09-19T09:31:38.459+00:00,HL,222.080,1.842,SELL,114165920624728,1789809939713999872,1789810298457975400
2026-09-19T09:31:38.459+00:00,HL,222.080,1.034,BUY,1033529085864656,1789809955108999936,1789810298457975400
2026-09-19T09:31:38.459+00:00,HL,222.070,1.035,SELL,68005203848926,1789809969897999872,1789810298457975400
2026-09-19T09:31:38.459+00:00,HL,222.080,0.250,BUY,267940920956458,1789809997247000064,1789810298457975400
2026-09-19T09:31:38.459+00:00,HL,222.080,0.966,BUY,298065964088950,1789810008707000064,1789810298457975400
2026-09-19T09:31:38.459+00:00,HL,222.070,0.450,SELL,761839278010641,1789810018032000000,1789810298457975400
2026-09-19T09:31:38.459+00:00,HL,222.070,0.516,SELL,879316155483144,1789810018032000000,1789810298457975400
2026-09-19T09:31:38.459+00:00,HL,222.080,0.946,BUY,979176382056265,1789810048436000000,1789810298457975400
2026-09-19T09:31:38.459+00:00,HL,222.080,0.965,BUY,1049970467600142,1789810061096000000,1789810298457975400
2026-09-19T09:31:38.459+00:00,HL,222.070,0.966,SELL,385400323589467,1789810073315000064,1789810298457975400
2026-09-19T09:31:38.459+00:00,HL,222.080,6.924,BUY,510794202281740,1789810091860000000,1789810298457975400
2026-09-19T09:31:38.459+00:00,HL,222.080,0.270,SELL,394083309996776,1789810144928000000,1789810298457975400
2026-09-19T09:31:38.459+00:00,HL,222.090,0.134,BUY,144248677726609,1789810160353999872,1789810298457975400
2026-09-19T09:31:38.459+00:00,HL,222.080,0.134,SELL,874908916219758,1789810161225999872,1789810298457975400
2026-09-19T09:31:38.459+00:00,HL,222.080,0.450,SELL,381224281344803,1789810177747000064,1789810298457975400
2026-09-19T09:31:38.459+00:00,HL,222.070,2.244,SELL,1111465379177690,1789810178745999872,1789810298457975400
2026-09-19T09:31:38.459+00:00,HL,222.050,0.165,SELL,885368576790204,1789810185756000000,1789810298457975400
2026-09-19T09:31:38.459+00:00,HL,222.050,0.203,SELL,704933785840504,1789810185956999936,1789810298457975400
2026-09-19T09:31:38.459+00:00,HL,222.050,0.114,SELL,679699802765633,1789810201814000128,1789810298457975400
2026-09-19T09:31:38.459+00:00,HL,222.060,0.680,BUY,750679493123041,1789810244599000064,1789810298457975400
2026-09-19T09:31:38.459+00:00,HL,222.060,1.000,BUY,948235188072742,1789810246236000000,1789810298457975400
2026-09-19T09:31:38.459+00:00,HL,222.060,1.000,BUY,996278885804603,1789810247111000064,1789810298457975400
2026-09-19T09:31:38.459+00:00,HL,222.060,1.000,BUY,1108506867609206,1789810248128999936,1789810298457975400
2026-09-19T09:31:38.459+00:00,HL,222.060,1.000,BUY,636184610047874,1789810249004999936,1789810298457975400
2026-09-19T09:31:38.459+00:00,HL,222.060,1.000,BUY,522746315877114,1789810250151000064,1789810298457975400
2026-09-19T09:31:45.025+00:00,HL,222.100,0.140,BUY,679557109516249,1789810303584000000,1789810305025070400
2026-09-19T09:31:59.988+00:00,ONDO,221.98,2.74,SELL,6b3cb4828a551bdedd7b2df44041db5b,1789810318721515420,1789810319988389300
2026-09-19T09:33:13.118+00:00,HL,222.090,0.336,SELL,392180295584679,1789810391545999872,1789810393118641500
2026-09-19T09:33:24.470+00:00,HL,222.060,0.450,SELL,724073520902994,1789810402985999872,1789810404470993000
2026-09-19T09:33:24.470+00:00,HL,222.050,0.203,SELL,941340592923230,1789810402985999872,1789810404470993000
2026-09-19T09:33:24.470+00:00,HL,222.050,4.503,SELL,690425873645815,1789810402985999872,1789810404470993000
2026-09-19T09:33:24.470+00:00,HL,222.040,2.621,SELL,958225223806894,1789810402985999872,1789810404470993000
2026-09-19T09:33:24.470+00:00,HL,222.040,1.772,SELL,350053142207127,1789810402985999872,1789810404470993000
2026-09-19T09:33:24.470+00:00,HL,222.040,4.381,SELL,892136894677603,1789810402985999872,1789810404470993000
2026-09-19T09:33:34.930+00:00,HL,222.060,0.450,SELL,1034694600304589,1789810413459000064,1789810414930884000
2026-09-19T09:33:34.930+00:00,HL,222.040,7.025,SELL,570350133812676,1789810413459000064,1789810414930884000
2026-09-19T09:33:34.930+00:00,HL,222.030,11.786,SELL,352953887130794,1789810413459000064,1789810414930884000
2026-09-19T09:33:34.930+00:00,HL,222.030,0.583,SELL,382865866493888,1789810413459000064,1789810414930884000
2026-09-19T09:33:34.930+00:00,HL,222.030,3.156,SELL,891584229399532,1789810413459000064,1789810414930884000
2026-09-19T09:33:43.129+00:00,HL,222.050,0.450,SELL,514206617149227,1789810421344999936,1789810423129014600
2026-09-19T09:33:53.334+00:00,HL,222.010,0.450,SELL,988398776387672,1789810431638000128,1789810433334381200
2026-09-19T09:33:53.334+00:00,HL,222.000,0.058,SELL,434155226333091,1789810431638000128,1789810433334381200
2026-09-19T09:35:03.778+00:00,HL,222.050,0.894,BUY,777529539577753,1789810502235000064,1789810503779295400
2026-09-19T09:35:16.035+00:00,HL,222.040,0.450,SELL,1103843744600971,1789810514553999872,1789810516035820500
2026-09-19T09:35:16.035+00:00,HL,222.030,0.445,SELL,917178704035952,1789810514553999872,1789810516035820500
2026-09-19T09:35:28.422+00:00,HL,222.040,0.165,SELL,278480431877687,1789810526935000064,1789810528422888500
2026-09-19T09:35:31.678+00:00,ONDO,221.94,0.22,BUY,79f9e624eb771faaf903e09bd5d106bf,1789810530399034129,1789810531678561500
2026-09-19T09:35:38.412+00:00,HL,222.050,0.068,BUY,30521904148434,1789810536944000000,1789810538412493600
2026-09-19T09:35:46.048+00:00,HL,222.050,0.894,BUY,717650240754328,1789810544558000128,1789810546049486900
2026-09-19T09:35:50.722+00:00,ONDO,221.90,0.01,SELL,e5a3becf6eeae83263ddef7a9f94f4dc,1789810549447163954,1789810550722464800
2026-09-19T09:35:51.688+00:00,ONDO,221.93,0.22,BUY,f2ce294e63c2a0acc49c26bf42773339,1789810550411170881,1789810551688802500
2026-09-19T09:35:54.764+00:00,HL,222.040,0.285,SELL,20414651306564,1789810553272000000,1789810554764199900
2026-09-19T09:35:54.764+00:00,HL,222.020,0.609,SELL,41439066507654,1789810553272000000,1789810554764199900
