symbol,long_venue,short_venue,hours,coverage_pct,mean_bps_h,median_bps_h,stdev_bps_h,same_sign_frac,longest_run_h,carry_24h_p10,carry_24h_p50,carry_24h_p90,carry_24h_hit_frac,carry_7d_p10,carry_7d_p50,carry_7d_p90,carry_7d_hit_frac,hours_to_hurdle,annualised_pct,basis_hours,basis_mean_bps,basis_std_bps,basis_7d_move_max,basis_7d_move_p90,edge_7d_bps,windows_7d,rankable,mean_funding_long,mean_funding_short
PONS,HL,ASTER,178,12.361111,0.467952,0.27205,2.275289,0.595506,16,-17.67408,14.192769,41.697709,0.645161,75.481309,80.444027,84.050854,1.0,12.821837,40.992565,179,2.213233,28.839142,56.220186,50.346291,22.269588,11,True,0.823137,1.291088
ZEC,ASTER,LIGHTER,1440,100.0,0.123299,0.0525,0.195671,0.61875,55,0.29156,2.0272,6.1988,0.109386,8.30726,15.2069,40.9292,1.0,48.662102,10.801013,1440,-5.818505,6.952935,37.527672,15.116992,-0.40272,1273,True,0.05727,0.180569
ETH,ASTER,HL,1434,99.583333,0.046558,0.046763,0.084169,0.700139,196,-0.234357,1.1089,2.34919,0.014883,2.07668,6.491893,13.298371,0.576164,128.872272,4.078457,1440,-2.072502,2.764376,19.53421,6.154575,-4.332877,1267,True,0.057521,0.104079
ZEC,ASTER,HL,1440,100.0,0.109023,0.0345,0.2267,0.565972,55,-0.336999,1.815955,5.738252,0.093155,2.7289,11.249456,46.095973,0.703849,55.034444,9.550383,1440,-5.007072,7.823358,84.513447,17.17122,-4.855418,1273,True,0.05727,0.166293
ETH,ASTER,LIGHTER,1434,99.583333,0.037409,0.037406,0.083228,0.665969,126,-0.3392,0.846525,2.2316,0.011339,0.615252,4.511512,12.18233,0.394633,160.388482,3.277043,1440,-1.005903,2.241642,16.063975,5.286816,-5.002076,1267,True,0.057521,0.09493
SOL,ASTER,LIGHTER,1434,99.583333,0.036291,0.017475,0.121101,0.59205,36,-0.4618,0.6455,2.186287,0.013466,-0.562477,4.9777,15.197718,0.389897,165.33134,3.179071,1440,-1.444249,2.426311,28.479214,5.469613,-5.372765,1267,True,0.044588,0.080879
SOL,ASTER,HL,1434,99.583333,0.033798,0.0188,0.083502,0.582287,53,-0.753767,0.732847,2.388813,0.0,-1.47623,5.620067,11.366879,0.460142,177.523525,2.960734,1440,-2.135691,2.275567,12.823968,5.687017,-6.008896,1267,True,0.044588,0.078386
BTC,LIGHTER,HL,1440,100.0,0.023126,0.005,0.081213,0.793056,136,-0.853311,0.671258,1.762031,0.0,-0.8452,2.128364,10.570954,0.340927,259.443644,2.025873,1440,-0.988802,2.324458,25.159464,4.432682,-6.547445,1273,True,0.077264,0.10039
BTC,ASTER,HL,1434,99.583333,0.031235,0.032018,0.066341,0.6841,160,-0.616894,0.845664,1.942325,0.0,-1.342202,4.494587,9.50513,0.390687,192.08964,2.736223,1440,-1.691432,2.705641,15.575395,6.350269,-7.102719,1267,True,0.069078,0.100313
HYPE,LIGHTER,HL,1440,100.0,0.037747,0.005,0.137995,0.834028,153,-0.60778,0.532709,2.861896,0.007057,-2.681232,6.980711,12.919749,0.549882,158.953105,3.306636,1440,2.751574,4.635318,27.863651,8.832356,-8.490863,1273,True,0.081458,0.119205
GOLD,ASTER,HL,1438,99.861111,0.040045,0.0625,0.12952,0.79694,246,-2.13005,1.486476,2.897747,0.00636,-17.553287,11.344157,15.009559,0.797797,149.832028,3.507928,1440,7.545313,4.410827,20.154874,9.543896,-8.816362,1271,True,0.048623,0.088668
HYPE,ASTER,HL,1438,99.861111,0.032572,0.0,0.140809,0.340056,48,-0.872337,0.42434,2.901186,0.0,-5.644338,6.530959,14.946844,0.512195,184.20978,2.853269,1440,3.976391,5.59577,22.159386,9.44528,-9.973258,1271,True,0.086626,0.119197
SOL,HL,LIGHTER,1440,100.0,0.002461,-0.005,0.122846,0.347917,22,-1.465479,-0.057037,1.26938,0.011291,-6.662421,1.087492,7.161704,0.115475,2437.831075,0.215601,1440,0.691666,2.402886,22.617189,5.226958,-10.813475,1273,True,0.07858,0.081042
GOLD,LIGHTER,HL,1440,100.0,0.02811,0.0225,0.096662,0.843056,297,-0.879121,0.54,2.629338,0.005646,-4.702529,4.528107,12.962195,0.368421,213.443565,2.462478,1440,6.481785,4.908266,25.625766,9.597474,-10.874914,1273,True,0.060521,0.088631
GOLD1,LIGHTER,HL,1440,100.0,0.02811,0.0225,0.096662,0.843056,297,-0.879121,0.54,2.629338,0.005646,-4.702529,4.528107,12.962195,0.368421,213.443565,2.462478,1440,6.481785,4.908266,25.625766,9.597474,-10.874914,1273,True,0.060521,0.088631
ETH,LIGHTER,HL,1440,100.0,0.009131,0.005,0.067396,0.808333,318,-1.050956,0.15,1.394019,0.0,-2.089006,1.267044,5.68,0.088767,657.08269,0.799899,1440,-1.066734,2.731236,18.049315,6.708295,-11.174242,1273,True,0.095035,0.104166
BTC,ASTER,LIGHTER,1434,99.583333,0.008035,0.008419,0.081902,0.541144,72,-1.230225,0.147162,1.41205,0.0,-5.012218,-0.168175,6.50792,0.130229,746.701612,0.703896,1440,-0.702882,2.888579,28.393711,6.925402,-11.575465,1267,True,0.069078,0.077113
SOL,LIGHTER,HL,1440,100.0,-0.002461,0.005,0.122846,0.347917,22,-1.26938,0.057037,1.465479,0.0,-7.161704,-1.087492,6.662421,0.139042,,-0.215601,1440,-0.691666,2.402886,22.617189,5.226958,-11.64044,1273,True,0.081042,0.07858
GOLD,ASTER,LIGHTER,1438,99.861111,0.011927,0.04,0.104656,0.782337,234,-2.15356,0.96,1.232,0.013428,-11.3386,6.4166,8.645,0.518489,503.078645,1.044767,1440,1.063273,3.775882,16.825602,8.570587,-12.566924,1271,True,0.048623,0.060549
HYPE,LIGHTER,ASTER,1438,99.861111,0.005221,0.005,0.121168,0.756606,176,-1.52654,0.12,1.9081,0.0,-7.1464,2.0004,7.9949,0.171518,1149.21248,0.457357,1440,-1.225062,3.416886,17.90851,7.753836,-12.876713,1271,True,0.081405,0.086626
TSLA,LIGHTER,HL,1440,100.0,0.044977,0.0225,0.117527,0.922222,127,-0.208084,0.727521,2.856156,0.01482,1.868935,5.862045,16.604154,0.492537,133.40082,3.940006,1440,1.512279,7.643076,71.959338,15.203341,-13.647165,1273,True,0.039417,0.084394
ETH,HL,LIGHTER,1440,100.0,-0.009131,-0.005,0.067396,0.808333,318,-1.394019,-0.15,1.050956,0.0,-5.68,-1.267044,2.089006,0.0,,-0.799899,1440,1.066734,2.731236,18.049315,6.708295,-14.242349,1273,True,0.104166,0.095035
BTC,LIGHTER,ASTER,1434,99.583333,-0.008035,-0.008419,0.081902,0.541144,72,-1.41205,-0.147162,1.230225,0.0,-6.50792,0.168175,5.012218,0.024467,,-0.703896,1440,0.702882,2.888579,28.393711,6.925402,-14.275339,1267,True,0.077113,0.069078
BTC,HL,LIGHTER,1440,100.0,-0.023126,-0.005,0.081213,0.793056,136,-1.762031,-0.671258,0.853311,0.0,-10.570954,-2.128364,0.8452,0.0,,-2.025873,1440,0.988802,2.324458,25.159464,4.432682,-14.317919,1273,True,0.10039,0.077264
HYPE,ASTER,LIGHTER,1438,99.861111,-0.005221,-0.005,0.121168,0.756606,176,-1.9081,-0.12,1.52654,0.0,-7.9949,-2.0004,7.1464,0.169158,,-0.457357,1440,1.225062,3.416886,17.90851,7.753836,-14.630958,1271,True,0.086626,0.081405
NVDA,LIGHTER,HL,1440,100.0,0.036708,0.0225,0.103848,0.881944,123,-0.177892,0.54,2.572439,0.009174,1.062832,5.827263,9.166763,0.490966,163.451676,3.215629,1440,1.049084,7.335611,79.047025,15.336278,-15.169318,1273,True,0.041167,0.077875
GOLD,LIGHTER,ASTER,1438,99.861111,-0.011927,-0.04,0.104656,0.782337,234,-1.232,-0.96,2.15356,0.0,-8.645,-6.4166,11.3386,0.154996,,-1.044767,1440,-1.063273,3.775882,16.825602,8.570587,-16.57425,1271,True,0.060549,0.048623
SOL,HL,ASTER,1434,99.583333,-0.033798,-0.0188,0.083502,0.582287,53,-2.388813,-0.732847,0.753767,0.0,-11.366879,-5.620067,1.47623,0.0,,-2.960734,1440,2.135691,2.275567,12.823968,5.687017,-17.365138,1267,True,0.078386,0.044588
ZEC,HL,LIGHTER,1440,100.0,0.014277,-0.005,0.203761,0.264583,28,-1.352634,0.133312,2.659865,0.013409,-9.520425,2.695695,8.314421,0.350353,420.268049,1.25063,1440,-0.809261,6.845489,74.170614,13.910877,-17.512407,1273,True,0.166293,0.180569
SOL,LIGHTER,ASTER,1434,99.583333,-0.036291,-0.017475,0.121101,0.59205,36,-2.186287,-0.6455,0.4618,0.0,-15.197718,-4.9777,0.562477,0.0,,-3.179071,1440,1.444249,2.426311,28.479214,5.469613,-17.56646,1267,True,0.080879,0.044588
ETH,LIGHTER,ASTER,1434,99.583333,-0.037409,-0.037406,0.083228,0.665969,126,-2.2316,-0.846525,0.3392,0.0,-12.18233,-4.511512,-0.615252,0.0,,-3.277043,1440,1.005903,2.241642,16.063975,5.286816,-17.571557,1267,True,0.09493,0.057521
BTC,HL,ASTER,1434,99.583333,-0.031235,-0.032018,0.066341,0.6841,160,-1.942325,-0.845664,0.616894,0.0,-9.50513,-4.494587,1.342202,0.0,,-2.736223,1440,1.691432,2.705641,15.575395,6.350269,-17.597819,1267,True,0.100313,0.069078
ETH,HL,ASTER,1434,99.583333,-0.046558,-0.046763,0.084169,0.700139,196,-2.34919,-1.1089,0.234357,0.0,-13.298371,-6.491893,-2.07668,0.0,,-4.078457,1440,2.072502,2.764376,19.53421,6.154575,-19.976273,1267,True,0.104079,0.057521
GOLD,HL,LIGHTER,1440,100.0,-0.02811,-0.0225,0.096662,0.843056,297,-2.629338,-0.54,0.879121,0.0,-12.962195,-4.528107,4.702529,0.053417,,-2.462478,1440,-6.481785,4.908266,25.625766,9.597474,-20.320033,1273,True,0.088631,0.060521
GOLD1,HL,LIGHTER,1440,100.0,-0.02811,-0.0225,0.096662,0.843056,297,-2.629338,-0.54,0.879121,0.0,-12.962195,-4.528107,4.702529,0.053417,,-2.462478,1440,-6.481785,4.908266,25.625766,9.597474,-20.320033,1273,True,0.088631,0.060521
HYPE,HL,ASTER,1438,99.861111,-0.032572,0.0,0.140809,0.340056,48,-2.901186,-0.42434,0.872337,0.0,-14.946844,-6.530959,5.644338,0.077891,,-2.853269,1440,-3.976391,5.59577,22.159386,9.44528,-20.917302,1271,True,0.119197,0.086626
HYPE,HL,LIGHTER,1440,100.0,-0.037747,-0.005,0.137995,0.834028,153,-2.861896,-0.532709,0.60778,0.0,-12.919749,-6.980711,2.681232,0.0,,-3.306636,1440,-2.751574,4.635318,27.863651,8.832356,-21.173849,1273,True,0.119205,0.081458
GOLD1,ASTER,HL,1438,99.861111,0.07246,0.0625,0.117233,0.885257,308,-0.540846,1.526638,4.128268,0.032509,-5.084338,13.031138,21.741627,0.803304,82.804064,6.347515,427,11.140266,16.319013,238.633614,27.437044,-21.263728,1271,True,0.016207,0.088668
MU,LIGHTER,HL,1440,100.0,0.006116,0.0225,0.282716,0.760417,92,-2.413794,0.570275,2.630162,0.0,-8.15449,1.642613,6.407993,0.117046,981.009072,0.535775,1440,2.046621,7.279318,48.325788,16.349088,-21.321574,1273,True,0.090611,0.096727
TSLA,ASTER,HL,1434,99.583333,0.042512,0.0625,0.161078,0.790795,120,-1.556838,1.340479,3.206567,0.0,-3.880999,10.290713,15.375771,0.691397,141.135444,3.724082,1440,10.405372,10.026261,58.525758,22.561937,-21.419862,1267,True,0.042641,0.085153
GOLD,HL,ASTER,1438,99.861111,-0.040045,-0.0625,0.12952,0.79694,246,-2.897747,-1.486476,2.13005,0.028269,-15.009559,-11.344157,17.553287,0.1369,,-3.507928,1440,-7.545313,4.410827,20.154874,9.543896,-22.271429,1271,True,0.088668,0.048623
ZEC,LIGHTER,HL,1440,100.0,-0.014277,0.005,0.203761,0.264583,28,-2.659865,-0.133312,1.352634,0.021877,-8.314421,-2.695695,9.520425,0.2011,,-1.25063,1440,0.809261,6.845489,74.170614,13.910877,-22.309346,1273,True,0.180569,0.166293
SNDK,HL,LIGHTER,1440,100.0,0.013295,-0.0225,0.281598,0.306944,27,-2.329518,-0.333015,3.37407,0.05434,-7.260397,0.647105,15.621644,0.318146,451.295854,1.164646,1440,-2.236276,8.118436,50.651576,18.823388,-22.589819,1273,True,0.098045,0.11134
MU,HL,LIGHTER,1440,100.0,-0.006116,-0.0225,0.282716,0.760417,92,-2.630162,-0.570275,2.413794,0.045872,-6.407993,-1.642613,8.15449,0.150825,,-0.535775,1440,-2.046621,7.279318,48.325788,16.349088,-23.376601,1273,True,0.096727,0.090611
ASTER,HL,ASTER,1438,99.861111,0.001206,-0.010775,0.275757,0.465229,72,-5.205803,0.3348,5.870965,0.09894,-41.197949,4.959335,24.491531,0.482297,4973.742009,0.105675,1440,-5.560165,8.011835,45.362314,17.850243,-23.647579,1271,True,0.150344,0.151551
ASTER,ASTER,HL,1438,99.861111,-0.001206,0.010775,0.275757,0.465229,72,-5.870965,-0.3348,5.205803,0.097527,-24.491531,-4.959335,41.197949,0.221873,,-0.105675,1440,5.560165,8.011835,45.362314,17.850243,-24.052907,1271,True,0.151551,0.150344
NVDA,ASTER,HL,1434,99.583333,0.057153,0.0625,0.160283,0.843794,123,-0.281276,1.458717,3.016719,0.009213,2.55826,11.485346,15.777384,0.794791,104.981561,5.006594,1440,7.370591,11.301882,70.072451,27.773542,-24.171856,1267,True,0.020734,0.077887
SPCX,LIGHTER,HL,1440,100.0,0.008145,0.0225,0.295973,0.609722,87,-3.851752,-0.314371,5.097859,0.043049,-17.18224,3.158122,22.271443,0.455617,736.614776,0.713534,1440,0.992527,8.203459,38.353,19.996572,-24.62815,1273,True,0.015257,0.023402
LIT,HL,LIGHTER,1440,100.0,0.006333,-0.005,0.265151,0.255556,19,-4.183465,0.313223,3.559743,0.036697,-19.758889,7.379863,17.059254,0.554595,947.46431,0.554744,1440,-1.09416,9.357773,62.948106,19.695352,-24.63146,1273,True,0.131862,0.138194
HOOD,LIGHTER,HL,1440,100.0,0.037239,0.0225,0.225445,0.810417,129,-1.948477,1.149755,4.092465,0.028934,-7.764532,8.890934,26.504592,0.589159,161.123193,3.2621,1440,6.023379,12.135792,129.671811,25.087506,-24.831424,1273,True,0.095924,0.133162
MU,ASTER,HL,280,19.444444,0.056416,0.0625,0.328662,0.803571,63,-1.267881,1.5,4.077573,0.003891,6.065731,10.247918,11.940855,0.920354,106.352612,4.942051,194,8.642554,13.744151,148.47954,28.668375,-25.190469,113,True,0.012293,0.068709
GOLD1,ASTER,LIGHTER,1438,99.861111,0.044342,0.04,0.082893,0.925591,1150,0.0358,0.96,1.87,0.016961,-0.2578,7.66,18.18,0.776554,135.312098,3.884353,427,1.493262,16.006372,233.083331,27.497363,-26.047918,1271,True,0.016207,0.060549
LIT,LIGHTER,HL,1440,100.0,-0.006333,0.005,0.265151,0.255556,19,-3.559743,-0.313223,4.183465,0.03952,-17.059254,-7.379863,19.758889,0.270228,,-0.554744,1440,1.09416,9.357773,62.948106,19.695352,-26.759245,1273,True,0.138194,0.131862
SNDK,LIGHTER,HL,1440,100.0,-0.013295,0.0225,0.281598,0.306944,27,-3.37407,0.333015,2.329518,0.0,-15.621644,-0.647105,7.260397,0.15868,,-1.164646,1440,2.236276,8.118436,50.651576,18.823388,-27.056956,1273,True,0.11134,0.098045
SPCX,HL,LIGHTER,1440,100.0,-0.008145,-0.0225,0.295973,0.609722,87,-5.097859,0.314371,3.851752,0.016231,-22.271443,-3.158122,17.18224,0.402985,,-0.713534,1440,-0.992527,8.203459,38.353,19.996572,-27.364994,1273,True,0.023402,0.015257
NVDA,HL,LIGHTER,1440,100.0,-0.036708,-0.0225,0.103848,0.881944,123,-2.572439,-0.54,0.177892,0.0,-9.166763,-5.827263,-1.062832,0.0,,-3.215629,1440,-1.049084,7.335611,79.047025,15.336278,-27.503239,1273,True,0.077875,0.041167
NVDA,ASTER,LIGHTER,1434,99.583333,0.020326,0.04,0.135828,0.878661,446,-1.27,0.96,1.17,0.0,-1.0103,4.8003,7.9838,0.477506,295.194343,1.780522,1440,6.319325,11.440148,57.834627,25.410065,-27.995365,1267,True,0.020734,0.04106
MU,ASTER,LIGHTER,280,19.444444,0.020314,0.04,0.268106,0.8,79,-2.42339,0.96,2.98598,0.007782,2.1013,7.9043,9.5532,0.699115,295.363843,1.7795,194,3.316534,13.860829,139.285404,25.578879,-28.166139,113,True,0.012293,0.032607
TSLA,LIGHTER,ASTER,1434,99.583333,0.003143,-0.04,0.116742,0.225941,104,-0.96,-0.9,3.01435,0.017718,-6.710152,0.231,9.390525,0.231255,1909.093935,0.275314,1440,-8.891046,10.488699,72.484972,22.797555,-28.269556,1267,True,0.039498,0.042641
LIT,ASTER,LIGHTER,1440,100.0,0.011654,-0.005,0.197268,0.211806,10,-1.90552,0.17,2.8699,0.017643,-11.76836,4.9267,12.55218,0.367636,514.855733,1.020868,1440,-2.070323,10.769056,64.554631,24.394783,-28.436953,1273,True,0.126541,0.138194
TSLA,HL,LIGHTER,1440,100.0,-0.044977,-0.0225,0.117527,0.922222,127,-2.856156,-0.727521,0.208084,0.0,-16.604154,-5.862045,-1.868935,0.0,,-3.940006,1440,-1.512279,7.643076,71.959338,15.203341,-28.759516,1273,True,0.084394,0.039417
TSLA,ASTER,LIGHTER,1434,99.583333,-0.003143,0.04,0.116742,0.225941,104,-3.01435,0.9,0.96,0.0,-9.390525,-0.231,6.710152,0.312549,,-0.275314,1440,8.891046,10.488699,72.484972,22.797555,-29.325554,1267,True,0.042641,0.039498
LIT,ASTER,HL,1440,100.0,0.005321,0.0,0.266916,0.169444,14,-2.955981,-0.117954,4.28761,0.047989,-13.372685,-1.902947,18.798569,0.19403,1127.595378,0.466125,1440,-0.970924,10.163212,58.977043,24.494938,-29.601,1273,True,0.126541,0.131862
LIT,HL,ASTER,1440,100.0,-0.005321,0.0,0.266916,0.169444,14,-4.28761,0.117954,2.955981,0.053634,-18.798569,1.902947,13.372685,0.265515,,-0.466125,1440,0.970924,10.163212,58.977043,24.494938,-31.388875,1273,True,0.131862,0.126541
PUMP,LIGHTER,HL,1440,100.0,0.027137,0.005,0.26538,0.872917,370,-1.435178,0.12,3.688116,0.058574,-3.067107,1.969145,39.287489,0.410841,221.103958,2.377162,1440,-5.67499,13.89295,101.097826,30.770214,-32.211272,1273,True,0.141514,0.16865
LIT,LIGHTER,ASTER,1440,100.0,-0.011654,0.005,0.197268,0.211806,10,-2.8699,-0.17,1.90552,0.025406,-12.55218,-4.9267,11.76836,0.220738,,-1.020868,1440,2.070323,10.769056,64.554631,24.394783,-32.352613,1273,True,0.138194,0.126541
NVDA,LIGHTER,ASTER,1434,99.583333,-0.020326,-0.04,0.135828,0.878661,446,-1.17,-0.96,1.27,0.001417,-7.9838,-4.8003,1.0103,0.0,,-1.780522,1440,-6.319325,11.440148,57.834627,25.410065,-34.824764,1267,True,0.04106,0.020734
MU,LIGHTER,ASTER,280,19.444444,-0.020314,-0.04,0.268106,0.8,79,-2.98598,-0.96,2.42339,0.0,-9.5532,-7.9043,-2.1013,0.0,,-1.7795,194,-3.316534,13.860829,139.285404,25.578879,-34.991619,113,True,0.032607,0.012293
TSLA,HL,ASTER,1434,99.583333,-0.042512,-0.0625,0.161078,0.790795,120,-3.206567,-1.340479,1.556838,0.0,-15.375771,-10.290713,3.880999,0.025257,,-3.724082,1440,-10.405372,10.026261,58.525758,22.561937,-35.704013,1267,True,0.085153,0.042641
HOOD,HL,LIGHTER,1440,100.0,-0.037239,-0.0225,0.225445,0.810417,129,-4.092465,-1.149755,1.948477,0.027523,-26.504592,-8.890934,7.764532,0.112333,,-3.2621,1440,-6.023379,12.135792,129.671811,25.087506,-37.343589,1273,True,0.133162,0.095924
PUMP,ASTER,HL,1438,99.861111,0.115377,0.0,0.237241,0.41516,93,-0.448513,1.251258,8.358571,0.20212,-0.469407,11.519278,48.994666,0.59402,52.003485,10.107015,1440,-10.300606,22.591508,145.656932,51.388096,-38.00478,1271,True,0.052355,0.167732
ARB,HL,LIGHTER,1440,100.0,0.046598,-0.005,0.177172,0.440972,63,-2.286186,1.316017,4.278949,0.0247,-9.030404,11.660879,23.743077,0.670071,128.760793,4.081988,1440,1.41799,18.471227,125.30934,41.083311,-39.254841,1273,True,0.041833,0.088431
GOLD1,LIGHTER,ASTER,1438,99.861111,-0.044342,-0.04,0.082893,0.925591,1150,-1.87,-0.96,-0.0358,0.0,-18.18,-7.66,0.2578,0.0,,-3.884353,427,-1.493262,16.006372,233.083331,27.497363,-40.946808,1271,True,0.060549,0.016207
PUMP,HL,LIGHTER,1440,100.0,-0.027137,-0.005,0.26538,0.872917,370,-3.688116,-0.12,1.435178,0.028934,-39.287489,-1.969145,3.067107,0.091123,,-2.377162,1440,5.67499,13.89295,101.097826,30.770214,-41.329155,1273,True,0.16865,0.141514
ZEC,HL,ASTER,1440,100.0,-0.109023,-0.0345,0.2267,0.565972,55,-5.738252,-1.815955,0.336999,0.0,-46.095973,-11.249456,-2.7289,0.0,,-9.550383,1440,5.007072,7.823358,84.513447,17.17122,-41.487023,1273,True,0.166293,0.05727
ASTER,LIGHTER,HL,1440,100.0,0.043705,0.005,0.16163,0.927778,470,-0.242541,0.12,3.154989,0.05434,-0.841988,3.405101,29.128698,0.399057,137.283649,3.82857,1440,-6.657253,19.689356,156.04412,43.007698,-41.665236,1273,True,0.106604,0.150309
ZEC,LIGHTER,ASTER,1440,100.0,-0.123299,-0.0525,0.195671,0.61875,55,-6.1988,-2.0272,-0.29156,0.0,-40.9292,-15.2069,-8.30726,0.0,,-10.801013,1440,5.818505,6.952935,37.527672,15.116992,-41.831264,1273,True,0.180569,0.05727
NVDA,HL,ASTER,1434,99.583333,-0.057153,-0.0625,0.160283,0.843794,123,-3.016719,-1.458717,0.281276,0.0,-15.777384,-11.485346,-2.55826,0.0,,-5.006594,1440,-7.370591,11.301882,70.072451,27.773542,-43.375228,1267,True,0.077887,0.020734
ASTER,LIGHTER,ASTER,1438,99.861111,0.04507,-0.0036,0.22709,0.485396,92,-2.7706,0.3636,6.79784,0.125795,-13.9279,8.9692,28.34215,0.5476,133.127398,3.948098,1440,-12.171484,20.8145,179.276779,45.290568,-43.718874,1271,True,0.106481,0.151551
MU,HL,ASTER,280,19.444444,-0.056416,-0.0625,0.328662,0.803571,63,-4.077573,-1.5,1.267881,0.0,-11.940855,-10.247918,-6.065731,0.0,,-4.942051,194,-8.642554,13.744151,148.47954,28.668375,-44.14628,113,True,0.068709,0.012293
PUMP,ASTER,LIGHTER,1438,99.861111,0.089189,-0.005,0.217925,0.392211,80,-0.12,0.91295,6.36554,0.113074,-0.48,7.5012,33.8803,0.608183,67.272965,7.812945,1440,-4.633503,22.958163,144.48623,53.306453,-44.322722,1271,True,0.052355,0.141544
GOLD1,HL,ASTER,1438,99.861111,-0.07246,-0.0625,0.117233,0.885257,308,-4.128268,-1.526638,0.540846,0.0,-21.741627,-13.031138,5.084338,0.087333,,-6.347515,427,-11.140266,16.319013,238.633614,27.437044,-45.610359,1271,True,0.088668,0.016207
ARB,LIGHTER,HL,1440,100.0,-0.046598,0.005,0.177172,0.440972,63,-4.278949,-1.316017,2.286186,0.0247,-23.743077,-11.660879,9.030404,0.184603,,-4.081988,1440,-1.41799,18.471227,125.30934,41.083311,-54.911781,1273,True,0.088431,0.041833
ASTER,HL,LIGHTER,1440,100.0,-0.043705,-0.005,0.16163,0.927778,470,-3.154989,-0.12,0.242541,0.0,-29.128698,-3.405101,0.841988,0.0,,-3.82857,1440,6.657253,19.689356,156.04412,43.007698,-56.35016,1273,True,0.150309,0.106604
ARB,HL,ASTER,1434,99.583333,0.072787,0.0,0.143064,0.472106,62,-0.090496,1.572951,4.507886,0.022679,6.528997,13.890385,25.125021,0.920284,82.432608,6.376118,1440,1.255256,29.17107,338.144293,64.01245,-57.784279,1267,True,0.041485,0.114271
ASTER,ASTER,LIGHTER,1438,99.861111,-0.04507,0.0036,0.22709,0.485396,92,-6.79784,-0.3636,2.7706,0.019081,-28.34215,-8.9692,13.9279,0.1369,,-3.948098,1440,12.171484,20.8145,179.276779,45.290568,-58.862263,1271,True,0.151551,0.106481
SNDK,ASTER,HL,428,29.722222,0.074623,0.0625,0.410964,0.726636,38,0.288226,1.335407,4.112731,0.017284,9.401984,10.25593,12.638742,1.0,80.403762,6.537008,427,6.858211,29.651679,297.677719,68.213355,-61.676628,261,True,0.006799,0.081423
SPCX,ASTER,LIGHTER,428,29.722222,0.08519,0.04,0.126187,1.0,428,0.96,1.1102,4.105655,0.059259,9.74065,18.7487,22.7607,1.0,70.430744,7.46265,427,-11.939087,29.340278,192.278565,74.539535,-66.227603,261,True,-0.044536,0.040654
SNDK,ASTER,LIGHTER,428,29.722222,0.04222,0.04,0.317089,0.778037,55,-0.73926,0.83305,3.6,0.009877,0.7975,6.69555,11.6526,0.681992,142.114394,3.698429,427,2.549639,29.588701,288.252533,69.102377,-68.009499,261,True,0.006799,0.049019
SPCX,ASTER,HL,428,29.722222,0.02545,0.055705,0.188994,0.619159,44,-2.091085,0.598314,2.932019,0.044444,-5.426442,8.513512,14.822315,0.574713,235.757922,2.229405,427,-7.016606,28.455959,187.093105,69.032402,-70.75683,261,True,-0.044536,-0.019086
ARB,LIGHTER,ASTER,1434,99.583333,0.025973,0.005,0.134376,0.876569,208,-1.2718,0.12,2.9766,0.03331,-3.071415,2.3984,19.041245,0.33386,231.010874,2.275218,1440,-0.139159,31.315656,345.783275,71.276491,-72.91306,1267,True,0.088298,0.114271
DASH,ASTER,HL,1434,99.583333,0.105123,0.109375,0.103725,0.900279,299,1.262122,2.662687,2.9377,0.017718,13.534569,18.37793,26.324116,1.0,57.075967,9.20878,1440,-2.777567,38.081464,289.837749,85.788841,-74.128168,1267,True,0.018018,0.123141
PUMP,LIGHTER,ASTER,1438,99.861111,-0.089189,0.005,0.217925,0.392211,80,-6.36554,-0.91295,0.12,0.0,-33.8803,-7.5012,0.48,0.0,,-7.812945,1440,4.633503,22.958163,144.48623,53.306453,-74.290184,1271,True,0.141544,0.052355
PUMP,HL,ASTER,1438,99.861111,-0.115377,0.0,0.237241,0.41516,93,-8.358571,-1.251258,0.448513,0.0,-48.994666,-11.519278,0.469407,0.0,,-10.107015,1440,10.300606,22.591508,145.656932,51.388096,-76.771413,1271,True,0.167732,0.052355
SPCX,HL,ASTER,428,29.722222,-0.02545,-0.055705,0.188994,0.619159,44,-2.932019,-0.598314,2.091085,0.0,-14.822315,-8.513512,5.426442,0.049808,,-2.229405,427,7.016606,28.455959,187.093105,69.032402,-79.307974,261,True,-0.019086,-0.044536
ARB,ASTER,LIGHTER,1434,99.583333,-0.025973,-0.005,0.134376,0.876569,208,-2.9766,-0.12,1.2718,0.0,-19.041245,-2.3984,3.071415,0.0,,-2.275218,1440,0.139159,31.315656,345.783275,71.276491,-81.639922,1267,True,0.114271,0.088298
SNDK,LIGHTER,ASTER,428,29.722222,-0.04222,-0.04,0.317089,0.778037,55,-3.6,-0.83305,0.73926,0.0,-11.6526,-6.69555,-0.7975,0.0,,-3.698429,427,-2.549639,29.588701,288.252533,69.102377,-82.195254,261,True,0.049019,0.006799
ARB,ASTER,HL,1434,99.583333,-0.072787,0.0,0.143064,0.472106,62,-4.507886,-1.572951,0.090496,0.002835,-25.125021,-13.890385,-6.528997,0.020521,,-6.376118,1440,-1.255256,29.17107,338.144293,64.01245,-82.240621,1267,True,0.114271,0.041485
SNDK,HL,ASTER,428,29.722222,-0.074623,-0.0625,0.410964,0.726636,38,-4.112731,-1.335407,-0.288226,0.0,-12.638742,-10.25593,-9.401984,0.0,,-6.537008,427,-6.858211,29.651679,297.677719,68.213355,-86.750082,261,True,0.081423,0.006799
SPCX,LIGHTER,ASTER,428,29.722222,-0.08519,-0.04,0.126187,1.0,428,-4.105655,-1.1102,-0.96,0.0,-22.7607,-18.7487,-9.74065,0.0,,-7.46265,427,11.939087,29.340278,192.278565,74.539535,-94.851467,261,True,0.040654,-0.044536
DASH,HL,ASTER,1434,99.583333,-0.105123,-0.109375,0.103725,0.900279,299,-2.9377,-2.662687,-1.262122,0.0,-26.324116,-18.37793,-13.534569,0.0,,-9.20878,1440,2.777567,38.081464,289.837749,85.788841,-109.449514,1267,True,0.123141,0.018018
HOOD,ASTER,HL,1434,99.583333,0.132927,0.069612,0.296144,0.922594,132,1.008123,3.047352,6.281641,0.11623,9.971358,21.779941,35.16838,1.0,45.137591,11.644396,1440,1.15807,54.410109,419.45816,132.208336,-115.876617,1267,True,0.003046,0.135973
HOOD,ASTER,LIGHTER,1434,99.583333,0.093899,0.04,0.240998,0.969317,626,0.638025,0.98,6.51,0.107016,5.65,7.5507,37.97,0.749803,63.898143,8.225591,1440,-4.871159,53.616015,398.216889,129.163801,-119.388695,1267,True,0.003046,0.096946
DASH,LIGHTER,HL,1440,100.0,0.037107,0.005,0.166427,0.932639,243,-0.642496,0.200214,4.532246,0.075512,-2.243373,2.825662,33.184898,0.260016,161.695791,3.250548,1440,-3.165264,53.455558,367.143078,125.318491,-125.084562,1273,True,0.086042,0.123148
DASH,ASTER,LIGHTER,1434,99.583333,0.067882,0.104375,0.159226,0.822873,189,-2.21415,2.505,2.955,0.022679,-13.073125,15.477025,19.32663,0.814522,88.388675,5.946463,1440,0.155694,56.845317,374.921645,134.624689,-129.220513,1267,True,0.018018,0.0859
PONS,ASTER,HL,178,12.361111,-0.467952,-0.27205,2.275289,0.595506,16,-41.697709,-14.192769,17.67408,0.270968,-84.050854,-80.444027,-75.481309,0.0,,-40.992565,179,-2.213233,28.839142,56.220186,50.346291,-134.962169,11,True,1.291088,0.823137
DASH,HL,LIGHTER,1440,100.0,-0.037107,-0.005,0.166427,0.932639,243,-4.532246,-0.200214,0.642496,0.0,-33.184898,-2.825662,2.243373,0.026709,,-3.250548,1440,3.165264,53.455558,367.143078,125.318491,-137.552419,1273,True,0.123148,0.086042
HOOD,LIGHTER,ASTER,1434,99.583333,-0.093899,-0.04,0.240998,0.969317,626,-6.51,-0.98,-0.638025,0.0,-37.97,-7.5507,-5.65,0.0,,-8.225591,1440,4.871159,53.616015,398.216889,129.163801,-150.938908,1267,True,0.096946,0.003046
DASH,LIGHTER,ASTER,1434,99.583333,-0.067882,-0.104375,0.159226,0.822873,189,-2.955,-2.505,2.21415,0.03331,-19.32663,-15.477025,13.073125,0.12944,,-5.946463,1440,-0.155694,56.845317,374.921645,134.624689,-152.028865,1267,True,0.0859,0.018018
HOOD,HL,ASTER,1434,99.583333,-0.132927,-0.069612,0.296144,0.922594,132,-6.281641,-3.047352,-1.008123,0.0,-35.16838,-21.779941,-9.971358,0.0,,-11.644396,1440,-1.15807,54.410109,419.45816,132.208336,-160.540055,1267,True,0.135973,0.003046
PONS,LIGHTER,ASTER,116,8.055556,0.942822,0.3485,2.186892,0.681034,21,-1.03478,24.8673,62.69102,0.741935,,,,,6.363871,82.591243,116,22.231732,37.146276,,,152.394166,0,False,0.709741,1.652564
PONS,HL,LIGHTER,116,8.055556,0.063349,-0.005,1.242752,0.491379,12,-23.163082,2.399906,17.251675,0.397849,,,,,94.713297,5.549379,116,-28.516928,33.566724,,,4.642645,0,False,0.646392,0.709741
PONS,LIGHTER,HL,116,8.055556,-0.063349,0.005,1.242752,0.491379,12,-17.251675,-2.399906,23.163082,0.333333,,,,,,-5.549379,116,28.516928,33.566724,,,-16.642645,0,False,0.709741,0.646392
PONS,ASTER,LIGHTER,116,8.055556,-0.942822,-0.3485,2.186892,0.681034,21,-62.69102,-24.8673,1.03478,0.0,,,,,,-82.591243,116,-22.231732,37.146276,,,-164.394166,0,False,1.652564,0.709741
